object_id,mean,std,covariance,mean_blue,std_blue,covariance_blue
ASASSN-14fa,"{'amplitude': 90.63561177131206, 'color': -0.12791015959775495, 's1': 1.0430340082257046, 's2': -0.6382214141935361, 's3': 0.7075512606244095, 't0': 56879.246996133625}","{'amplitude': 0.24030036180469022, 'color': 0.0213375355690694, 's1': 0.34558493620700553, 's2': 0.3371253306766081, 's3': 0.6105369532988277, 't0': 0.9161136820955045}","[[ 8.39264279e-01 -1.79764190e-01  1.70245189e-02  3.00803005e-01
   1.94252049e-01 -5.16458663e-01]
 [-1.79764190e-01  5.77442639e-02 -4.93439589e-03 -7.09698042e-02
  -4.49994211e-02  1.11064850e-01]
 [ 1.70245189e-02 -4.93439589e-03  4.55290424e-04  6.30929987e-03
   3.63489458e-03 -1.01372613e-02]
 [ 3.00803005e-01 -7.09698042e-02  6.30929987e-03  1.19428948e-01
   7.93427726e-02 -2.00287132e-01]
 [ 1.94252049e-01 -4.49994211e-02  3.63489458e-03  7.93427726e-02
   1.13653489e-01 -1.10403293e-01]
 [-5.16458663e-01  1.11064850e-01 -1.01372613e-02 -2.00287132e-01
  -1.10403293e-01  3.72755371e-01]]","{'amplitude': 90.5049597092371, 'color': -0.11969083567357276, 's1': 0.6528745494687721, 's2': -0.6275921632655339, 's3': 0.9859019669733657, 't0': 56877.97060337416}","{'amplitude': 1.2575885337604984, 'color': 0.10469654757221668, 's1': 0.5798251501437705, 's2': 0.48578190672594423, 's3': 0.7470241548353992, 't0': 2.050013923754746}","[[ 4.20255709  1.18465195 -0.0836357   1.00979317  0.06098249 -0.41278656]
 [ 1.18465195  1.58152892 -0.13073997 -0.00736066 -0.30336424  0.41767586]
 [-0.0836357  -0.13073997  0.01096137  0.00459424  0.02707562 -0.03967754]
 [ 1.00979317 -0.00736066  0.00459424  0.3361972   0.09417249 -0.22996835]
 [ 0.06098249 -0.30336424  0.02707562  0.09417249  0.23598406 -0.20170824]
 [-0.41278656  0.41767586 -0.03967754 -0.22996835 -0.20170824  0.55804509]]"
PS1-14xw,"{'amplitude': 89.80627103076723, 'color': 0.014973050398048256, 's1': -0.5134941829450439, 's2': -0.18768152754691034, 's3': 0.1195069823394386, 't0': 56786.296620729256}","{'amplitude': 0.21051160264067675, 'color': 0.022821469805598765, 's1': 0.250905716271078, 's2': 0.2320652071586367, 's3': 0.29806653869975197, 't0': 0.2167749947976618}","[[ 4.69913984e-02 -1.95424150e-02  2.01247250e-03  5.66376969e-03
  -2.05348813e-02  7.98528447e-03]
 [-1.95424150e-02  4.43151348e-02 -4.68181744e-03 -3.29663894e-03
   2.90307068e-02 -6.38001356e-03]
 [ 2.01247250e-03 -4.68181744e-03  5.20819484e-04 -1.79402374e-04
  -3.68014752e-03  6.70012061e-05]
 [ 5.66376969e-03 -3.29663894e-03 -1.79402374e-04  6.29536785e-02
   8.62686889e-04  3.49050365e-02]
 [-2.05348813e-02  2.90307068e-02 -3.68014752e-03  8.62686889e-04
   5.38542604e-02  2.77939260e-02]
 [ 7.98528447e-03 -6.38001356e-03  6.70012061e-05  3.49050365e-02
   2.77939260e-02  8.88436615e-02]]","{'amplitude': 89.06764599725177, 'color': 0.08697262604575798, 's1': -0.46875923012022713, 's2': -0.3686784394665478, 's3': 0.15256273795111505, 't0': 56786.31614957836}","{'amplitude': 0.5060438125955067, 'color': 0.05093496282053082, 's1': 0.3135030169449879, 's2': 0.33881727098531883, 's3': 0.3183286391352608, 't0': 0.2577468369931011}","[[ 0.06643343 -0.04132509  0.00388985  0.00400048 -0.02892375  0.00485083]
 [-0.04132509  0.25608034 -0.02563857  0.02808008  0.11673821 -0.01286485]
 [ 0.00388985 -0.02563857  0.00259437 -0.00338166 -0.0122988   0.0008065 ]
 [ 0.00400048  0.02808008 -0.00338166  0.09828414  0.02205033  0.03193837]
 [-0.02892375  0.11673821 -0.0122988   0.02205033  0.11479714  0.04762976]
 [ 0.00485083 -0.01286485  0.0008065   0.03193837  0.04762976  0.10133312]]"
PTF10icb,"{'amplitude': 85.86739408044727, 'color': 0.03846292277028582, 's1': -0.16967099836917313, 's2': -0.0321874331555075, 's3': 0.946978903619204, 't0': 55362.18659941696}","{'amplitude': 0.13837923853415818, 'color': 0.015815181036940767, 's1': 0.1496692932927569, 's2': 0.15313697466689052, 's3': 0.3474884786674309, 't0': 0.25668397581590324}","[[ 6.58866634e-02 -1.03868169e-02  1.67802622e-03  1.79398502e-02
  -1.60515401e-02  9.80833472e-03]
 [-1.03868169e-02  1.91488137e-02 -2.02986876e-03 -3.64710253e-03
   7.44253484e-03 -1.17981429e-02]
 [ 1.67802622e-03 -2.02986876e-03  2.50119951e-04 -5.50769112e-05
  -1.49418038e-03 -1.87305973e-04]
 [ 1.79398502e-02 -3.64710253e-03 -5.50769112e-05  2.24008974e-02
   5.57918860e-03  3.87495015e-02]
 [-1.60515401e-02  7.44253484e-03 -1.49418038e-03  5.57918860e-03
   2.34509330e-02  2.73744933e-02]
 [ 9.80833472e-03 -1.17981429e-02 -1.87305973e-04  3.87495015e-02
   2.73744933e-02  1.20748243e-01]]","{'amplitude': 85.44063777213287, 'color': 0.06701762062289046, 's1': -0.18270711853847355, 's2': 0.07572897816367019, 's3': 1.4756727096521418, 't0': 55361.80533433898}","{'amplitude': 0.4548495652230692, 'color': 0.046157721116846157, 's1': 0.15135152199221047, 's2': 0.29331028969250283, 's3': 0.31672867792054027, 't0': 0.4255754574207124}","[[ 0.18111447 -0.03224971  0.00573413  0.02726272 -0.06811552 -0.0382879 ]
 [-0.03224971  0.20688813 -0.02063337  0.01252182  0.07470631 -0.03799034]
 [ 0.00573413 -0.02063337  0.00213054 -0.00145574 -0.009238    0.00195468]
 [ 0.02726272  0.01252182 -0.00145574  0.02290728  0.01197178  0.0170524 ]
 [-0.06811552  0.07470631 -0.009238    0.01197178  0.08603093  0.03708397]
 [-0.0382879  -0.03799034  0.00195468  0.0170524   0.03708397  0.10031706]]"
SN2005cf,"{'amplitude': 82.61693091730312, 'color': 0.1761417206656594, 's1': 0.3336479366016524, 's2': -0.4225301066599804, 's3': -0.8212844509613753, 't0': 53534.973508497824}","{'amplitude': 0.10175703874188066, 'color': 0.011416460207801425, 's1': 0.06140495059489483, 's2': 0.13127109228679695, 's3': 0.2929466933062192, 't0': 0.07286052026432649}","[[ 5.30865541e-03 -1.74688888e-03  1.90014625e-04 -5.43858206e-05
   2.36995465e-03  8.48985572e-03]
 [-1.74688888e-03  1.03544949e-02 -1.10438885e-03 -1.05450529e-03
  -4.44057369e-03 -1.58073091e-02]
 [ 1.90014625e-04 -1.10438885e-03  1.30335564e-04 -1.11364783e-05
   5.58738397e-04  2.11431980e-03]
 [-5.43858206e-05 -1.05450529e-03 -1.11364783e-05  3.77056796e-03
   1.94785036e-03  2.19951713e-03]
 [ 2.36995465e-03 -4.44057369e-03  5.58738397e-04  1.94785036e-03
   1.72320997e-02  3.28675058e-02]
 [ 8.48985572e-03 -1.58073091e-02  2.11431980e-03  2.19951713e-03
   3.28675058e-02  8.58177651e-02]]","{'amplitude': 81.34092534507623, 'color': 0.28571311334332755, 's1': 0.39245777256378395, 's2': -0.1934118619959653, 's3': -0.5559726126012727, 't0': 53534.962011963864}","{'amplitude': 0.2534909664309322, 'color': 0.024126044970478197, 's1': 0.09014662789490828, 's2': 0.20110106301242744, 's3': 0.2251872177455381, 't0': 0.1166803461514018}","[[ 0.0136143  -0.00170694 -0.0001832   0.0039224   0.01430934  0.01899591]
 [-0.00170694  0.06425767 -0.00593765 -0.00841064  0.00259901 -0.00985944]
 [-0.0001832  -0.00593765  0.00058207  0.00040161 -0.00107531  0.00052045]
 [ 0.0039224  -0.00841064  0.00040161  0.00812641  0.00983048  0.00800634]
 [ 0.01430934  0.00259901 -0.00107531  0.00983048  0.04044164  0.03133538]
 [ 0.01899591 -0.00985944  0.00052045  0.00800634  0.03133538  0.05070928]]"
SN2006dm,"{'amplitude': 89.11342013235453, 'color': 0.09050611044631084, 's1': 1.2056561289161816, 's2': -0.19912054021271047, 's3': -0.33412681823000606, 't0': 53929.73776973314}","{'amplitude': 0.25275258537338935, 'color': 0.024211132756921997, 's1': 0.1194125774834516, 's2': 0.707125351549619, 's3': 0.47227382232965254, 't0': 0.13776477843914778}","[[ 1.89791342e-02  2.45750555e-03  3.46010593e-04 -3.18099869e-03
  -4.89081749e-02 -3.03301519e-02]
 [ 2.45750555e-03  6.38838694e-02 -5.34934578e-03 -1.03192509e-02
  -5.26768285e-02 -7.74447980e-02]
 [ 3.46010593e-04 -5.34934578e-03  5.86178949e-04 -2.72966708e-04
  -1.62935974e-03  4.51580112e-03]
 [-3.18099869e-03 -1.03192509e-02 -2.72966708e-04  1.42593637e-02
   4.48265718e-02  2.00616175e-02]
 [-4.89081749e-02 -5.26768285e-02 -1.62935974e-03  4.48265718e-02
   5.00026263e-01  2.69182519e-01]
 [-3.03301519e-02 -7.74447980e-02  4.51580112e-03  2.00616175e-02
   2.69182519e-01  2.23042563e-01]]","{'amplitude': 88.59221491837889, 'color': 0.1370692753206206, 's1': 1.2092071419579826, 's2': -0.5231212935357442, 's3': -0.17089114714810286, 't0': 53929.75329318228}","{'amplitude': 0.9006070142767466, 'color': 0.0745293181869757, 's1': 0.27693759558614817, 's2': 0.9277335821237189, 's3': 0.48367667493009014, 't0': 0.22459750661409902}","[[ 0.05044404 -0.09862929  0.00787694  0.03214697 -0.13462966 -0.06548929]
 [-0.09862929  0.81109299 -0.06579524 -0.20640398  0.38319904  0.06647798]
 [ 0.00787694 -0.06579524  0.00555462  0.01468522 -0.03519883 -0.00629534]
 [ 0.03214697 -0.20640398  0.01468522  0.07669443 -0.07737306 -0.02450504]
 [-0.13462966  0.38319904 -0.03519883 -0.07737306  0.8606896   0.33034204]
 [-0.06548929  0.06647798 -0.00629534 -0.02450504  0.33034204  0.23394313]]"
SN2007co,"{'amplitude': 89.92337745875051, 'color': 0.16928970282717004, 's1': 0.31739876920418286, 's2': 0.5943247491049196, 's3': -1.1316527336461202, 't0': 54265.75338468399}","{'amplitude': 0.2524400337967887, 'color': 0.02913236527508977, 's1': 0.17054816001424974, 's2': 0.6870875367402779, 's3': 1.1868904840634675, 't0': 0.6032819559756695}","[[ 3.63949118e-01  4.09022468e-02  2.03454174e-03  1.07989158e-02
  -1.75427548e-01 -4.92628869e-01]
 [ 4.09022468e-02  6.37259707e-02 -5.87685241e-03 -3.87488782e-03
  -3.18156513e-02 -1.06557957e-01]
 [ 2.03454174e-03 -5.87685241e-03  8.48694707e-04 -1.71228175e-04
  -3.68551775e-03  7.41801759e-04]
 [ 1.07989158e-02 -3.87488782e-03 -1.71228175e-04  2.90866749e-02
   7.44607435e-03  5.66208242e-02]
 [-1.75427548e-01 -3.18156513e-02 -3.68551775e-03  7.44607435e-03
   4.72089283e-01  6.35803445e-01]
 [-4.92628869e-01 -1.06557957e-01  7.41801759e-04  5.66208242e-02
   6.35803445e-01  1.40870902e+00]]","{'amplitude': 88.77722492993516, 'color': 0.2810324468151899, 's1': 0.19278030126590437, 's2': 0.7581321867517278, 's3': -0.23792195690877815, 't0': 54265.31037427732}","{'amplitude': 0.7603978723417364, 'color': 0.0823316929872763, 's1': 0.383319547540217, 's2': 1.0046912534320702, 's3': 1.435071704980438, 't0': 0.7548141488549783}","[[ 0.5697444   0.26254872 -0.0257091   0.11029064 -0.14628151 -0.67719672]
 [ 0.26254872  0.57820492 -0.05863426  0.0284841   0.01299092 -0.51543146]
 [-0.0257091  -0.05863426  0.00677851 -0.00634991 -0.02250184  0.03737017]
 [ 0.11029064  0.0284841  -0.00634991  0.14693388 -0.07973659 -0.08127019]
 [-0.14628151  0.01299092 -0.02250184 -0.07973659  1.00940451  0.93994578]
 [-0.67719672 -0.51543146  0.03737017 -0.08127019  0.93994578  2.0594308 ]]"
SN2007cq,"{'amplitude': 89.51755929572226, 'color': -0.056910879902756596, 's1': 0.8893016441752385, 's2': 3.121461291569458, 's3': 1.3360169664343258, 't0': 54280.9811449126}","{'amplitude': 1.0506116245164379, 'color': 0.04765911864769132, 's1': 0.2024276671880168, 's2': 1.2536226283546719, 's3': 0.8778718210896985, 't0': 2.4509037429152394}","[[ 6.00692916e+00  1.22971572e+00 -3.64230447e-02  2.57953636e-01
   1.14346539e+00  3.48667285e-01]
 [ 1.22971572e+00  1.10378479e+00 -4.84121258e-02 -8.06722774e-02
  -7.62896672e-01 -5.25216115e-01]
 [-3.64230447e-02 -4.84121258e-02  2.27139159e-03  4.64569719e-03
   3.84815961e-02  2.49289153e-02]
 [ 2.57953636e-01 -8.06722774e-02  4.64569719e-03  4.09769604e-02
   2.31230420e-01  1.37354264e-01]
 [ 1.14346539e+00 -7.62896672e-01  3.84815961e-02  2.31230420e-01
   1.57156969e+00  9.77230778e-01]
 [ 3.48667285e-01 -5.25216115e-01  2.49289153e-02  1.37354264e-01
   9.77230778e-01  7.70658934e-01]]","{'amplitude': 90.82781406371448, 'color': -0.12059094419431637, 's1': -0.3862515509978908, 's2': 2.3390011774704846, 's3': 0.8461911145527446, 't0': 54280.8790785861}","{'amplitude': 1.255217731124731, 'color': 0.12083385711458282, 's1': 1.021544771193671, 's2': 0.8984489903115155, 's3': 1.6079310288375384, 't0': 2.198230450493272}","[[ 4.83221711  0.97073126 -0.10419711  2.06134208  0.44004096 -1.79531823]
 [ 0.97073126  1.57557155 -0.14772265  0.56362255 -0.1237104  -0.82425009]
 [-0.10419711 -0.14772265  0.01460082 -0.05677213 -0.01071713  0.0574957 ]
 [ 2.06134208  0.56362255 -0.05677213  1.04355372  0.03742719 -0.84929267]
 [ 0.44004096 -0.1237104  -0.01071713  0.03742719  0.80721059  0.79976238]
 [-1.79531823 -0.82425009  0.0574957  -0.84929267  0.79976238  2.58544219]]"
SN2007cv,"{'amplitude': 86.75154938144519, 'color': 0.12723706048596733, 's1': 1.0863389219738067, 's2': 0.2645478313544326, 's3': -1.2062666156488633, 't0': 54291.55108409647}","{'amplitude': 0.43541216251716963, 'color': 0.030106897807951918, 's1': 0.20696429288941595, 's2': 0.18424118101905046, 's3': 0.20961200868020013, 't0': 0.1218279369034285}","[[ 0.01484205 -0.03332909  0.00242204  0.01581187  0.001665    0.00512543]
 [-0.03332909  0.18958375 -0.01289606 -0.085138   -0.02838723  0.0208867 ]
 [ 0.00242204 -0.01289606  0.00090643  0.00562624  0.00164641 -0.00062668]
 [ 0.01581187 -0.085138    0.00562624  0.04283422  0.00649712 -0.01570786]
 [ 0.001665   -0.02838723  0.00164641  0.00649712  0.03394481 -0.00035704]
 [ 0.00512543  0.0208867  -0.00062668 -0.01570786 -0.00035704  0.04393719]]","{'amplitude': 85.80243457975914, 'color': 0.20381230873475412, 's1': 1.170655403342336, 's2': 0.5379731571674002, 's3': -1.0276934410580554, 't0': 54291.569336478366}","{'amplitude': 0.4308043256067267, 'color': 0.03430790646306534, 's1': 0.10731792797018246, 's2': 0.1789866464370773, 's3': 0.22830037176782308, 't0': 0.09395729449368419}","[[ 0.00882797 -0.01031332  0.00083287  0.00265613  0.00152737  0.00575922]
 [-0.01031332  0.18559237 -0.01456054 -0.03480162 -0.02169402 -0.01568222]
 [ 0.00083287 -0.01456054  0.00117703  0.00256772  0.00138017  0.00170475]
 [ 0.00265613 -0.03480162  0.00256772  0.01151714 -0.00351864 -0.00708007]
 [ 0.00152737 -0.02169402  0.00138017 -0.00351864  0.03203622  0.02300557]
 [ 0.00575922 -0.01568222  0.00170475 -0.00708007  0.02300557  0.05212106]]"
SN2008Q,"{'amplitude': 84.128859100023, 'color': 0.02313398465857286, 's1': 1.0440568334796032, 's2': -0.9070123116274371, 's3': 0.36302068246421326, 't0': 54506.58158164761}","{'amplitude': 0.1488997931658279, 'color': 0.013453045893882258, 's1': 0.058529001938191653, 's2': 0.2014079712917886, 's3': 0.15579941738086553, 't0': 0.053534883265654316}","[[ 0.00286598  0.00249329 -0.00023393 -0.00054154  0.00336067  0.00105961]
 [ 0.00249329  0.02217115 -0.00191886 -0.00578314  0.01113927 -0.00281353]
 [-0.00023393 -0.00191886  0.00018098  0.00036162 -0.00124106  0.00016761]
 [-0.00054154 -0.00578314  0.00036162  0.00342564  0.00097186  0.00274084]
 [ 0.00336067  0.01113927 -0.00124106  0.00097186  0.04056517  0.02182566]
 [ 0.00105961 -0.00281353  0.00016761  0.00274084  0.02182566  0.02427346]]","{'amplitude': 84.32040946719754, 'color': 0.011483401810079112, 's1': 0.9905419883685321, 's2': -0.9071165654064398, 's3': 0.25901733822673517, 't0': 54506.57666456451}","{'amplitude': 0.2778621165464312, 'color': 0.020623534694719482, 's1': 0.1602167992428655, 's2': 0.2633369423172738, 's3': 0.1662626002167587, 't0': 0.06940167457569858}","[[ 0.00481659  0.00366938 -0.00015534 -0.00365784 -0.00038176  0.00305061]
 [ 0.00366938  0.07720736 -0.00557127 -0.03917218  0.02459719 -0.0172138 ]
 [-0.00015534 -0.00557127  0.00042533  0.00258288 -0.00224489  0.0017316 ]
 [-0.00365784 -0.03917218  0.00258288  0.02566942 -0.00978279  0.00308715]
 [-0.00038176  0.02459719 -0.00224489 -0.00978279  0.06934635 -0.01313376]
 [ 0.00305061 -0.0172138   0.0017316   0.00308715 -0.01313376  0.02764325]]"
SN2008ec,"{'amplitude': 87.36288317716657, 'color': 0.18641725553339544, 's1': 0.7266180063537174, 's2': -0.045815496278911357, 's3': 0.49656310726095, 't0': 54674.52132514876}","{'amplitude': 0.22344808322503795, 'color': 0.021186838213829252, 's1': 0.10940507873515129, 's2': 0.3972427395988084, 's3': 0.20831273464124436, 't0': 0.12205100585004729}","[[ 0.01489645 -0.00198553  0.00046003 -0.00473525 -0.00613708  0.01313366]
 [-0.00198553  0.04992905 -0.00437745 -0.01203807 -0.01074381 -0.01655373]
 [ 0.00046003 -0.00437745  0.00044888  0.00041804 -0.00177841  0.0012053 ]
 [-0.00473525 -0.01203807  0.00041804  0.01196947  0.02861747  0.00299634]
 [-0.00613708 -0.01074381 -0.00177841  0.02861747  0.15780179  0.02881973]
 [ 0.01313366 -0.01655373  0.0012053   0.00299634  0.02881973  0.0433942 ]]","{'amplitude': 87.12713060960705, 'color': 0.21705797671515675, 's1': 0.657821932008641, 's2': -0.5972311922000971, 's3': 0.26966083323006634, 't0': 54674.49983558954}","{'amplitude': 0.637470137344851, 'color': 0.06232927371095038, 's1': 0.13831934647957048, 's2': 0.6646551083096901, 's3': 0.520951523654898, 't0': 0.18822486012377626}","[[ 3.54285980e-02 -1.77737169e-02  2.04673398e-03 -6.69468822e-03
   4.02696634e-02  6.13058523e-02]
 [-1.77737169e-02  4.06368176e-01 -3.92090975e-02 -1.20981445e-02
   4.25521162e-02 -1.34941757e-01]
 [ 2.04673398e-03 -3.92090975e-02  3.88493836e-03 -5.01096028e-05
  -4.62937617e-03  1.46476107e-02]
 [-6.69468822e-03 -1.20981445e-02 -5.01096028e-05  1.91322416e-02
  -8.51059014e-04 -2.12635673e-02]
 [ 4.02696634e-02  4.25521162e-02 -4.62937617e-03 -8.51059014e-04
   4.41766413e-01  2.21980077e-01]
 [ 6.13058523e-02 -1.34941757e-01  1.46476107e-02 -2.12635673e-02
   2.21980077e-01  2.71390490e-01]]"
SN2008hs,"{'amplitude': 89.14820699624715, 'color': 0.10860991387913616, 's1': 1.482704449035591, 's2': 0.38811022124140315, 's3': -0.6852888984600344, 't0': 54813.36491215569}","{'amplitude': 0.1999259753112283, 'color': 0.023783146578296308, 's1': 0.07845452119955426, 's2': 0.2505345779871568, 's3': 0.35894410465350496, 't0': 0.08981305959919593}","[[ 0.00806639 -0.00445287  0.00094876 -0.0034019  -0.00178047  0.01729637]
 [-0.00445287  0.0399704  -0.0043107  -0.00111209 -0.00837336 -0.04340329]
 [ 0.00094876 -0.0043107   0.00056564 -0.00055173  0.00017445  0.00660537]
 [-0.0034019  -0.00111209 -0.00055173  0.00615511  0.0007172  -0.013783  ]
 [-0.00178047 -0.00837336  0.00017445  0.0007172   0.06276757  0.03325409]
 [ 0.01729637 -0.04340329  0.00660537 -0.013783    0.03325409  0.12884087]]","{'amplitude': 88.55040599680319, 'color': 0.15396237538807722, 's1': 1.567549790166541, 's2': 0.33831928723134796, 's3': -0.7519628580295178, 't0': 54813.26434431975}","{'amplitude': 0.415944299145456, 'color': 0.03561871769787555, 's1': 0.10868538614128456, 's2': 0.384170352422505, 's3': 0.2572168685226664, 't0': 0.09291912314530558}","[[ 8.63396345e-03  4.58299829e-03 -6.74605528e-05 -3.65144511e-03
   2.08686389e-03  9.86973391e-03]
 [ 4.58299829e-03  1.73009660e-01 -1.43429079e-02 -3.19198338e-02
   4.66688053e-02 -9.14261624e-04]
 [-6.74605528e-05 -1.43429079e-02  1.26869305e-03  2.20627323e-03
  -5.18530831e-03  6.67287350e-04]
 [-3.65144511e-03 -3.19198338e-02  2.20627323e-03  1.18125132e-02
  -1.74372247e-02 -1.20620641e-02]
 [ 2.08686389e-03  4.66688053e-02 -5.18530831e-03 -1.74372247e-02
   1.47586860e-01  5.62097379e-02]
 [ 9.86973391e-03 -9.14261624e-04  6.67287350e-04 -1.20620641e-02
   5.62097379e-02  6.61605175e-02]]"
SN2009an,"{'amplitude': 85.63196566609847, 'color': 0.08799480704926747, 's1': 0.5387363945734871, 's2': 0.5233750965668259, 's3': -0.7545660165547571, 't0': 54899.25577681385}","{'amplitude': 0.15028676871869928, 'color': 0.012612082252319095, 's1': 0.052020829700422266, 's2': 0.15255346838787837, 's3': 0.23037097658029795, 't0': 0.15427230047923796}","[[ 0.02379994 -0.00681961  0.00056861  0.00369012  0.00213741 -0.0065611 ]
 [-0.00681961  0.02258611 -0.00174136 -0.003456   -0.00280106  0.01308273]
 [ 0.00056861 -0.00174136  0.00015906  0.00024469 -0.00033834 -0.00077021]
 [ 0.00369012 -0.003456    0.00024469  0.00270617  0.00208399  0.00224834]
 [ 0.00213741 -0.00280106 -0.00033834  0.00208399  0.02327256  0.00249314]
 [-0.0065611   0.01308273 -0.00077021  0.00224834  0.00249314  0.05307079]]","{'amplitude': 85.15357910852343, 'color': 0.12239676839778456, 's1': 0.5955592989759176, 's2': 0.5103026526190986, 's3': -1.0305816222230932, 't0': 54899.1850035184}","{'amplitude': 0.43550238310142475, 'color': 0.032456484646268886, 's1': 0.1214942043653533, 's2': 0.5326367522235191, 's3': 0.539969630436405, 't0': 0.3414191604726632}","[[ 0.11656704 -0.06160837  0.00464747  0.00965402  0.13699224  0.09215478]
 [-0.06160837  0.18966233 -0.01384818 -0.0422243  -0.07126731  0.02853144]
 [ 0.00464747 -0.01384818  0.00105342  0.00303304  0.00521345 -0.00077779]
 [ 0.00965402 -0.0422243   0.00303304  0.01476084  0.00630056 -0.01237749]
 [ 0.13699224 -0.07126731  0.00521345  0.00630056  0.28370191  0.22161012]
 [ 0.09215478  0.02853144 -0.00077779 -0.01237749  0.22161012  0.2915672 ]]"
SN2009gf,"{'amplitude': 88.90291147708265, 'color': 0.06263690831085762, 's1': 1.6588477836575022, 's2': 0.7767943588325337, 's3': -0.6157440810337435, 't0': 55001.944398907566}","{'amplitude': 0.30894378394756966, 'color': 0.022615052768739725, 's1': 0.16233697431524408, 's2': 0.5357435190858941, 's3': 0.7182270638890554, 't0': 0.8899253629947061}","[[ 7.91967152e-01 -2.77167479e-02 -3.34726205e-03  7.87026619e-02
   2.74322433e-01 -5.74028558e-01]
 [-2.77167479e-02  9.54462616e-02 -6.04943163e-03 -4.09681009e-02
  -8.04588787e-02 -2.07483581e-02]
 [-3.34726205e-03 -6.04943163e-03  5.11440612e-04  1.91838331e-03
   7.55799698e-04  6.37135879e-03]
 [ 7.87026619e-02 -4.09681009e-02  1.91838331e-03  2.63532932e-02
   5.85675883e-02 -4.18680315e-02]
 [ 2.74322433e-01 -8.04588787e-02  7.55799698e-04  5.85675883e-02
   2.87021118e-01 -1.89196048e-01]
 [-5.74028558e-01 -2.07483581e-02  6.37135879e-03 -4.18680315e-02
  -1.89196048e-01  5.15850115e-01]]","{'amplitude': 88.63585880972394, 'color': 0.08668176325245303, 's1': 1.6770989871473851, 's2': -0.36800098597430514, 's3': -0.5589101939921624, 't0': 55001.47317766594}","{'amplitude': 0.7312714509893038, 'color': 0.056591578940341926, 's1': 0.2921118398701988, 's2': 0.8729780883150348, 's3': 0.34266229166557816, 't0': 1.1055865029014804}","[[ 1.22232152 -0.49750555  0.04061504  0.27897897  0.64109723 -0.2171765 ]
 [-0.49750555  0.53475794 -0.04069147 -0.18965132 -0.17031954  0.03593386]
 [ 0.04061504 -0.04069147  0.00320261  0.01457621  0.01150198 -0.00257621]
 [ 0.27897897 -0.18965132  0.01457621  0.08532933  0.11507946 -0.04216815]
 [ 0.64109723 -0.17031954  0.01150198  0.11507946  0.76209074 -0.14389064]
 [-0.2171765   0.03593386 -0.00257621 -0.04216815 -0.14389064  0.11741745]]"
SN2009ig,"{'amplitude': 82.51468538888207, 'color': 0.15760922046009665, 's1': -0.4410027206938222, 's2': -1.8938633273477266, 's3': -0.44868038008501754, 't0': 55081.1810222263}","{'amplitude': 0.09391833811786246, 'color': 0.010161671800368375, 's1': 0.11071604796378007, 's2': 0.09522367952701329, 's3': 0.0992088432124947, 't0': 0.03664502698060633}","[[ 1.34285800e-03 -1.10410734e-03  1.26424358e-04 -1.15901950e-03
  -4.07082154e-04  1.26341604e-03]
 [-1.10410734e-03  8.82065423e-03 -9.29611467e-04  4.04962883e-03
  -7.73747088e-04 -6.81947777e-03]
 [ 1.26424358e-04 -9.29611467e-04  1.03259574e-04 -5.92778149e-04
   5.13656507e-05  7.48730474e-04]
 [-1.15901950e-03  4.04962883e-03 -5.92778149e-04  1.22580433e-02
  -2.74363344e-03 -2.85051698e-03]
 [-4.07082154e-04 -7.73747088e-04  5.13656507e-05 -2.74363344e-03
   9.06754914e-03  1.91418742e-03]
 [ 1.26341604e-03 -6.81947777e-03  7.48730474e-04 -2.85051698e-03
   1.91418742e-03  9.84239457e-03]]","{'amplitude': 82.52671288307307, 'color': 0.14305601908553198, 's1': -1.0748683508097754, 's2': -1.0602569521450416, 's3': -0.6555758657323053, 't0': 55080.947687670385}","{'amplitude': 0.2603741070123281, 'color': 0.02665739408431969, 's1': 0.3527238377584729, 's2': 0.298558442519727, 's3': 0.16064444671655304, 't0': 0.13098634419983363}","[[ 1.71574224e-02 -6.68185710e-03  8.81209753e-04  3.01673274e-02
  -1.00254585e-02  1.60930061e-02]
 [-6.68185710e-03  6.77946756e-02 -6.89853172e-03 -4.54217111e-03
   5.98858814e-02 -5.35864430e-03]
 [ 8.81209753e-04 -6.89853172e-03  7.10616659e-04  8.02165547e-04
  -6.22555668e-03  7.75751113e-04]
 [ 3.01673274e-02 -4.54217111e-03  8.02165547e-04  1.24414106e-01
  -3.71625027e-02  3.50916903e-02]
 [-1.00254585e-02  5.98858814e-02 -6.22555668e-03 -3.71625027e-02
   8.91371436e-02 -9.74536940e-05]
 [ 1.60930061e-02 -5.35864430e-03  7.75751113e-04  3.50916903e-02
  -9.74536940e-05  2.58066383e-02]]"
SN2009jb,"{'amplitude': 89.1867694759097, 'color': 0.06825982197762076, 's1': -0.44087052241195024, 's2': 0.005605208570173786, 's3': -0.08357598523430483, 't0': 55075.937509197734}","{'amplitude': 0.2056713881131022, 'color': 0.023041887108105646, 's1': 0.2253766965055981, 's2': 0.2533596087845956, 's3': 0.44132335953739865, 't0': 0.3188147987582737}","[[ 0.10164288 -0.01361773  0.00192422  0.03493451 -0.02101349 -0.00152772]
 [-0.01361773  0.04230072 -0.00453812 -0.0072607   0.0231749  -0.01974437]
 [ 0.00192422 -0.00453812  0.00053093  0.00026285 -0.00357081  0.00149531]
 [ 0.03493451 -0.0072607   0.00026285  0.05079466  0.00204705  0.03955062]
 [-0.02101349  0.0231749  -0.00357081  0.00204705  0.06419109  0.01688483]
 [-0.00152772 -0.01974437  0.00149531  0.03955062  0.01688483  0.19476631]]","{'amplitude': 87.32614401941055, 'color': 0.24288901354241713, 's1': -0.16855102682999676, 's2': -0.43317043085041507, 's3': 0.8421684445171826, 't0': 55075.74318445065}","{'amplitude': 0.9131102194865561, 'color': 0.0883772388584581, 's1': 0.3442014151025727, 's2': 1.1429285948123638, 's3': 0.5844343942373106, 't0': 0.612115443646271}","[[ 0.37468532 -0.09770657  0.01269806  0.10881839 -0.21482971 -0.0823775 ]
 [-0.09770657  0.83377027 -0.07983846 -0.15198535  0.84809361 -0.131583  ]
 [ 0.01269806 -0.07983846  0.00781054  0.0136463  -0.08177892  0.0076258 ]
 [ 0.10881839 -0.15198535  0.0136463   0.11847461 -0.22902197  0.05606814]
 [-0.21482971  0.84809361 -0.08177892 -0.22902197  1.30628577 -0.03584719]
 [-0.0823775  -0.131583    0.0076258   0.05606814 -0.03584719  0.34156356]]"
SN2010Y,"{'amplitude': 87.2281903242701, 'color': -0.007118748515548533, 's1': 1.4733733197542527, 's2': -0.09450792709605225, 's3': -0.05606716666714256, 't0': 55248.26648340421}","{'amplitude': 1.4008640971287938, 'color': 0.11531570043620937, 's1': 0.7916406891313387, 's2': 0.2400993570129741, 's3': 0.5707981463642595, 't0': 0.2866888314472623}","[[ 0.08219049  0.23051426 -0.00866088 -0.17638572 -0.04350787  0.14796879]
 [ 0.23051426  1.96242022 -0.14279099 -0.73657005 -0.12538986  0.56386687]
 [-0.00866088 -0.14279099  0.01329771  0.02216478  0.00354645 -0.02428445]
 [-0.17638572 -0.73657005  0.02216478  0.62669498  0.11528378 -0.399906  ]
 [-0.04350787 -0.12538986  0.00354645  0.11528378  0.0576477  -0.09493541]
 [ 0.14796879  0.56386687 -0.02428445 -0.399906   -0.09493541  0.32581052]]","{'amplitude': 86.06950641287851, 'color': 0.14693431199404777, 's1': 1.3632441124646253, 's2': -0.5744025780942026, 's3': 0.33612850643379505, 't0': 55249.76967883241}","{'amplitude': 3.480636591059412, 'color': 0.43227812446201097, 's1': 0.6655852823245069, 's2': 0.2919740535517447, 's3': 0.34591439457165457, 't0': 6.785459019999575}","[[ 4.60424541e+01 -9.77584547e+00  1.74089016e+00 -1.85286727e+00
  -1.46546978e-02  9.26200296e-01]
 [-9.77584547e+00  1.21148311e+01 -1.45507884e+00  1.46096744e+00
   2.61897844e-01 -4.56314343e-01]
 [ 1.74089016e+00 -1.45507884e+00  1.86864377e-01 -2.15716056e-01
  -3.28999043e-02  7.79269857e-02]
 [-1.85286727e+00  1.46096744e+00 -2.15716056e-01  4.43003768e-01
   6.66452625e-02 -1.83312280e-01]
 [-1.46546978e-02  2.61897844e-01 -3.28999043e-02  6.66452625e-02
   8.52488479e-02 -5.95089118e-02]
 [ 9.26200296e-01 -4.56314343e-01  7.79269857e-02 -1.83312280e-01
  -5.95089118e-02  1.19656768e-01]]"
SN2010ev,"{'amplitude': 84.4704057208461, 'color': 0.25920479282332587, 's1': 0.4621846410323292, 's2': 0.916262990756507, 's3': -1.209144434830059, 't0': 55385.44367088004}","{'amplitude': 0.1812972651887302, 'color': 0.015030131312058952, 's1': 0.14727041061051255, 's2': 0.3872443996266012, 's3': 0.367061167430485, 't0': 0.13910973710472066}","[[ 1.93515190e-02 -4.31296964e-03 -9.75396143e-05  6.19102750e-03
   1.16860943e-02 -2.77830996e-04]
 [-4.31296964e-03  3.28686984e-02 -1.43270838e-03 -1.35216743e-02
  -3.71490724e-02 -1.22874620e-02]
 [-9.75396143e-05 -1.43270838e-03  2.25904847e-04 -5.43597781e-04
  -2.10208348e-03 -1.21988869e-03]
 [ 6.19102750e-03 -1.35216743e-02 -5.43597781e-04  2.16885738e-02
   4.59921045e-02  3.55705189e-02]
 [ 1.16860943e-02 -3.71490724e-02 -2.10208348e-03  4.59921045e-02
   1.49958225e-01  9.53028833e-02]
 [-2.77830996e-04 -1.22874620e-02 -1.21988869e-03  3.55705189e-02
   9.53028833e-02  1.34733901e-01]]","{'amplitude': 85.0317521158879, 'color': 0.20348990487291077, 's1': 0.3169874449116956, 's2': 0.9410189177854201, 's3': -1.5773772339529155, 't0': 55385.51316876801}","{'amplitude': 0.3498587497279779, 'color': 0.0312215022737653, 's1': 0.13371110663783017, 's2': 0.330354602388077, 's3': 0.6243853555265284, 't0': 0.21122676322536058}","[[ 4.46167455e-02 -1.50891357e-02  1.81087578e-04  2.07884007e-03
   3.39537254e-02 -1.90638039e-02]
 [-1.50891357e-02  1.22401145e-01 -9.77120396e-03  8.84195847e-03
  -2.46827828e-02  8.53550335e-02]
 [ 1.81087578e-04 -9.77120396e-03  9.74782204e-04 -4.17323398e-04
  -5.89841544e-04 -2.24020890e-03]
 [ 2.07884007e-03  8.84195847e-03 -4.17323398e-04  1.78786600e-02
  -4.77564389e-03  4.38519102e-02]
 [ 3.39537254e-02 -2.46827828e-02 -5.89841544e-04 -4.77564389e-03
   1.09134163e-01  1.62475810e-02]
 [-1.90638039e-02  8.53550335e-02 -2.24020890e-03  4.38519102e-02
   1.62475810e-02  3.89857072e-01]]"
SN2010gp,"{'amplitude': 88.05575291094132, 'color': 0.26653678499928085, 's1': 0.3643563659900297, 's2': 0.5594391228408969, 's3': -1.3197760122811473, 't0': 55407.12940408011}","{'amplitude': 0.169826366474483, 'color': 0.019875039398837974, 's1': 0.1029488277182366, 's2': 0.407421215250311, 's3': 0.6344013230663558, 't0': 0.27456447638425757}","[[ 7.53856517e-02 -5.67306560e-03 -3.56838353e-04  1.16033725e-02
   3.16631781e-02 -4.31574803e-02]
 [-5.67306560e-03  2.88409947e-02 -2.96531503e-03  1.71253924e-04
   4.67639678e-03  1.12695507e-02]
 [-3.56838353e-04 -2.96531503e-03  3.95017191e-04 -5.13434646e-04
  -2.26815286e-03  1.87018961e-04]
 [ 1.16033725e-02  1.71253924e-04 -5.13434646e-04  1.05984611e-02
   2.81788065e-02  2.66955635e-02]
 [ 3.16631781e-02  4.67639678e-03 -2.26815286e-03  2.81788065e-02
   1.65992047e-01  1.52626772e-01]
 [-4.31574803e-02  1.12695507e-02  1.87018961e-04  2.66955635e-02
   1.52626772e-01  4.02465039e-01]]","{'amplitude': 86.75040129738801, 'color': 0.3969102998473618, 's1': 0.44671997069608105, 's2': 0.6998073825669326, 's3': -0.5705539226517892, 't0': 55406.992248530354}","{'amplitude': 0.6201582766255235, 'color': 0.06586970923957478, 's1': 0.14058566992426774, 's2': 0.46548020378756005, 's3': 0.6363605080138793, 't0': 0.4179986134945719}","[[ 1.74722841e-01  3.88220745e-02 -6.67265622e-03  3.32854825e-02
   9.52242687e-02 -8.56090740e-02]
 [ 3.88220745e-02  3.84596288e-01 -4.01326372e-02 -1.05590353e-02
   8.67465271e-02 -9.72062494e-02]
 [-6.67265622e-03 -4.01326372e-02  4.33881860e-03  6.64533210e-05
  -1.26055389e-02  1.20059984e-02]
 [ 3.32854825e-02 -1.05590353e-02  6.64533210e-05  1.97643306e-02
   2.09405500e-02 -8.23490429e-03]
 [ 9.52242687e-02  8.67465271e-02 -1.26055389e-02  2.09405500e-02
   2.16671820e-01  8.28395699e-02]
 [-8.56090740e-02 -9.72062494e-02  1.20059984e-02 -8.23490429e-03
   8.28395699e-02  4.04954696e-01]]"
SN2010kg,"{'amplitude': 87.48105850028395, 'color': 0.2150370627563682, 's1': 0.4848571514936398, 's2': 0.6640981009998079, 's3': -1.4585934228125899, 't0': 55544.23267531248}","{'amplitude': 0.30666393138091874, 'color': 0.022497788765716016, 's1': 0.22115971813820975, 's2': 0.8285289247181661, 's3': 0.4486326130943053, 't0': 0.15984251561805518}","[[ 2.55496298e-02  2.22942445e-02  1.35336848e-03 -1.81883644e-02
  -7.31523537e-02  4.89156345e-02]
 [ 2.22942445e-02  9.40427668e-02 -1.08075576e-03 -5.20478398e-02
  -1.90834175e-01  6.14187803e-02]
 [ 1.35336848e-03 -1.08075576e-03  5.06150499e-04 -1.28964834e-03
  -8.52220757e-03  5.74206345e-03]
 [-1.81883644e-02 -5.20478398e-02 -1.28964834e-03  4.89116209e-02
   1.39630286e-01 -5.52509913e-02]
 [-7.31523537e-02 -1.90834175e-01 -8.52220757e-03  1.39630286e-01
   6.86460179e-01 -2.20345098e-01]
 [ 4.89156345e-02  6.14187803e-02  5.74206345e-03 -5.52509913e-02
  -2.20345098e-01  2.01271222e-01]]","{'amplitude': 86.47516579978694, 'color': 0.31442280069063006, 's1': 0.7144065590243067, 's2': 0.6514139212057266, 's3': -1.4042172197870602, 't0': 55544.118948304225}","{'amplitude': 0.7360885924699058, 'color': 0.07365315817234007, 's1': 0.192506267215529, 's2': 0.5333766228648448, 's3': 0.4743838116440436, 't0': 0.1661404075262887}","[[ 0.02760264  0.04314384 -0.0034928  -0.01558564  0.03108233  0.04763344]
 [ 0.04314384  0.54182642 -0.05282917 -0.11132942  0.13281469 -0.02945999]
 [-0.0034928  -0.05282917  0.00542479  0.01010591 -0.0178109   0.00562628]
 [-0.01558564 -0.11132942  0.01010591  0.03705866 -0.0408803  -0.02110199]
 [ 0.03108233  0.13281469 -0.0178109  -0.0408803   0.28449062  0.10309432]
 [ 0.04763344 -0.02945999  0.00562628 -0.02110199  0.10309432  0.22504   ]]"
SN2010ko,"{'amplitude': 85.37415865868306, 'color': 0.3708119723954516, 's1': 1.5667559062413121, 's2': 1.290609685082823, 's3': -1.0444507672840055, 't0': 55545.58827399931}","{'amplitude': 0.44541697425333665, 'color': 0.04182415943237865, 's1': 0.08838293078973418, 's2': 0.18762863675376498, 's3': 0.19131206358184907, 't0': 0.12690875987488084}","[[ 1.61058333e-02 -1.21817516e-02  1.63067392e-03 -8.16751282e-05
  -1.11169231e-02  9.85012780e-04]
 [-1.21817516e-02  1.98396281e-01 -1.79489960e-02 -1.95058939e-02
  -2.95059565e-02 -5.09395979e-02]
 [ 1.63067392e-03 -1.79489960e-02  1.74926031e-03  1.11861056e-03
   1.13267988e-03  5.12977607e-03]
 [-8.16751282e-05 -1.95058939e-02  1.11861056e-03  7.81154245e-03
   8.43370701e-03  2.14707803e-03]
 [-1.11169231e-02 -2.95059565e-02  1.13267988e-03  8.43370701e-03
   3.52045053e-02  1.22266650e-02]
 [ 9.85012780e-04 -5.09395979e-02  5.12977607e-03  2.14707803e-03
   1.22266650e-02  3.66003057e-02]]","{'amplitude': 85.09200479189319, 'color': 0.4114623495440057, 's1': 1.326395895348616, 's2': 1.0529401717957032, 's3': -0.8678560375097865, 't0': 55545.43082005303}","{'amplitude': 1.8949561886384283, 'color': 0.16323266286714597, 's1': 0.5099910006296035, 's2': 0.3058834661001366, 's3': 0.49237040281282607, 't0': 0.22308875611234408}","[[ 4.97685931e-02 -1.60685935e-01  1.42615053e-02  2.93647566e-02
  -4.64456530e-03  1.37100656e-02]
 [-1.60685935e-01  3.59085896e+00 -3.07153847e-01 -8.22416695e-01
  -5.21076854e-02 -6.53775506e-01]
 [ 1.42615053e-02 -3.07153847e-01  2.66449022e-02  6.60856203e-02
  -3.27423785e-04  5.42617607e-02]
 [ 2.93647566e-02 -8.22416695e-01  6.60856203e-02  2.60090821e-01
   5.81713137e-02  2.08058294e-01]
 [-4.64456530e-03 -5.21076854e-02 -3.27423785e-04  5.81713137e-02
   9.35646948e-02  3.01711882e-02]
 [ 1.37100656e-02 -6.53775506e-01  5.42617607e-02  2.08058294e-01
   3.01711882e-02  2.42428614e-01]]"
SN2011B,"{'amplitude': 81.47294576258047, 'color': 0.10270161598113464, 's1': 0.6609120667114073, 's2': -1.2796961424785755, 's3': 0.30188977762028824, 't0': 55584.24702057017}","{'amplitude': 0.1952762330826294, 'color': 0.013551394900583776, 's1': 0.17591170953171867, 's2': 0.8467938957001678, 's3': 0.15048045769373267, 't0': 0.06598214124959487}","[[ 4.35364296e-03  5.78015063e-03 -3.27828920e-04 -5.54390420e-03
  -2.49396518e-02  2.14992562e-04]
 [ 5.78015063e-03  3.81328072e-02 -2.51707280e-03 -3.07295458e-02
  -1.21086598e-01 -1.53059390e-02]
 [-3.27828920e-04 -2.51707280e-03  1.83640304e-04  1.75336332e-03
   5.79789662e-03  1.26965587e-03]
 [-5.54390420e-03 -3.07295458e-02  1.75336332e-03  3.09449296e-02
   1.35702198e-01  1.02942686e-02]
 [-2.49396518e-02 -1.21086598e-01  5.79789662e-03  1.35702198e-01
   7.17059902e-01  1.11303799e-02]
 [ 2.14992562e-04 -1.53059390e-02  1.26965587e-03  1.02942686e-02
   1.11303799e-02  2.26443681e-02]]","{'amplitude': 81.22157628523055, 'color': 0.11685244795819996, 's1': 0.6936877483727292, 's2': -1.2294823425253012, 's3': 0.3110594683354608, 't0': 55584.138313725925}","{'amplitude': 0.2703438563790732, 'color': 0.02527775673743335, 's1': 0.11348093788751915, 's2': 0.8288003539207347, 's3': 0.2269680529564176, 't0': 0.10678249634792586}","[[ 1.14025015e-02 -5.87043702e-03  3.70997447e-04  6.69784488e-03
   4.46173458e-02  1.91484551e-03]
 [-5.87043702e-03  7.30858007e-02 -6.69734773e-03 -1.18281922e-02
   3.72105832e-02 -4.75216951e-02]
 [ 3.70997447e-04 -6.69734773e-03  6.38964986e-04  6.08684338e-04
  -6.62282765e-03  4.87867093e-03]
 [ 6.69784488e-03 -1.18281922e-02  6.08684338e-04  1.28779233e-02
   7.17355502e-02 -2.04591205e-03]
 [ 4.46173458e-02  3.72105832e-02 -6.62282765e-03  7.17355502e-02
   6.86910027e-01 -9.40788767e-02]
 [ 1.91484551e-03 -4.75216951e-02  4.87867093e-03 -2.04591205e-03
  -9.40788767e-02  5.15144971e-02]]"
SN2011aa,"{'amplitude': 88.3601309833751, 'color': -0.20697659292853504, 's1': -2.2879680323665132, 's2': -3.369497433625962, 's3': 0.7384449778699405, 't0': 55611.326208382336}","{'amplitude': 0.9342446487287863, 'color': 0.09505464758882921, 's1': 1.3088570419938168, 's2': 1.478724766056477, 's3': 1.6574804621163515, 't0': 1.6195133083274884}","[[ 2.62282336 -1.12118522  0.10457423 -0.58782955  1.50995809  1.50314821]
 [-1.12118522  0.87281306 -0.08825373  0.83803489 -0.9971788  -1.42722108]
 [ 0.10457423 -0.08825373  0.00903539 -0.08968815  0.0973635   0.14720126]
 [-0.58782955  0.83803489 -0.08968815  1.71310676 -0.1795814  -1.42952381]
 [ 1.50995809 -0.9971788   0.0973635  -0.1795814   2.18662693  1.76043824]
 [ 1.50314821 -1.42722108  0.14720126 -1.42952381  1.76043824  2.74724148]]","{'amplitude': 87.3774559275486, 'color': -0.12505887521503947, 's1': -2.464206136830345, 's2': -0.8567706243255576, 's3': 2.94677628128751, 't0': 55611.74308932694}","{'amplitude': 0.9661102152916574, 'color': 0.053067767673033235, 's1': 1.1943883457237259, 's2': 1.1655175236833304, 's3': 0.9389258981317107, 't0': 3.824740838779042}","[[ 1.46286425e+01  3.48365403e+00 -9.64534704e-02 -1.98175654e+00
  -3.47670592e-01  2.63712032e+00]
 [ 3.48365403e+00  9.33368948e-01 -3.52199140e-02 -2.85335970e-01
   9.15369161e-02  7.47466193e-01]
 [-9.64534704e-02 -3.52199140e-02  2.81618797e-03 -3.25655989e-02
  -4.54593647e-02 -3.76266256e-02]
 [-1.98175654e+00 -2.85335970e-01 -3.25655989e-02  1.42656352e+00
   1.22187590e+00  1.32823021e-03]
 [-3.47670592e-01  9.15369161e-02 -4.54593647e-02  1.22187590e+00
   1.35843110e+00  3.40844737e-01]
 [ 2.63712032e+00  7.47466193e-01 -3.76266256e-02  1.32823021e-03
   3.40844737e-01  8.81581842e-01]]"
SN2011ao,"{'amplitude': 85.57974437074522, 'color': 0.03585860007182597, 's1': -0.5243063182275367, 's2': 0.3273601420076236, 's3': 0.5382248902308253, 't0': 55640.35742560313}","{'amplitude': 0.08752318028256431, 'color': 0.011321596065829059, 's1': 0.08292269701597292, 's2': 0.10992898144095839, 's3': 0.10732568867843442, 't0': 0.06579668352676181}","[[ 4.32920356e-03 -6.00169275e-05 -6.30984271e-05  1.38715195e-03
   1.02741845e-03  3.80326476e-03]
 [-6.00169275e-05  7.66030709e-03 -9.16550881e-04  1.72135998e-03
   4.93800880e-03  5.02045668e-04]
 [-6.30984271e-05 -9.16550881e-04  1.28178537e-04 -4.48643424e-04
  -9.34473490e-04 -3.50877785e-04]
 [ 1.38715195e-03  1.72135998e-03 -4.48643424e-04  6.87617368e-03
   4.28096602e-03  5.98119819e-03]
 [ 1.02741845e-03  4.93800880e-03 -9.34473490e-04  4.28096602e-03
   1.20843810e-02  5.64017088e-03]
 [ 3.80326476e-03  5.02045668e-04 -3.50877785e-04  5.98119819e-03
   5.64017088e-03  1.15188035e-02]]","{'amplitude': 84.81699816116057, 'color': 0.10766803965235588, 's1': -0.5029422719826747, 's2': -0.1919959419175045, 's3': 0.09988807545629591, 't0': 55640.276335385824}","{'amplitude': 0.22766972010110678, 'color': 0.022950954224684617, 's1': 0.0929497162126104, 's2': 0.18432265253389413, 's3': 0.12508461280418198, 't0': 0.08141336606332268}","[[ 0.00662814 -0.00789889  0.00082208  0.00231947 -0.00744499  0.00303549]
 [-0.00789889  0.0518335  -0.00518492 -0.01065772  0.03180855 -0.00280183]
 [ 0.00082208 -0.00518492  0.00052675  0.00099379 -0.00335877  0.0002803 ]
 [ 0.00231947 -0.01065772  0.00099379  0.00863965 -0.01048925 -0.00037718]
 [-0.00744499  0.03180855 -0.00335877 -0.01048925  0.03397484  0.00236133]
 [ 0.00303549 -0.00280183  0.0002803  -0.00037718  0.00236133  0.01564616]]"
SN2011ay,"{'amplitude': 91.11978946596503, 'color': 0.02123520551964869, 's1': 0.5269210796557142, 's2': -1.4489815993733803, 's3': 0.11213121134560783, 't0': 55644.26281795656}","{'amplitude': 1.0322420112113782, 'color': 0.09012341885293959, 's1': 1.4648825413733344, 's2': 0.9863648374674723, 's3': 2.176783815562126, 't0': 2.9728129867706703}","[[ 8.83761705e+00 -1.24054525e-01  3.84086500e-02  3.75234872e+00
  -5.25876185e-01 -5.30235007e+00]
 [-1.24054525e-01  1.06552357e+00 -9.08663908e-02 -3.96396528e-01
   7.10144933e-01  6.55857012e-01]
 [ 3.84086500e-02 -9.08663908e-02  8.12223063e-03  3.63559077e-02
  -6.20993696e-02 -6.51397041e-02]
 [ 3.75234872e+00 -3.96396528e-01  3.63559077e-02  2.14588086e+00
  -5.81026215e-01 -2.78432979e+00]
 [-5.25876185e-01  7.10144933e-01 -6.20993696e-02 -5.81026215e-01
   9.72915593e-01  1.01144269e+00]
 [-5.30235007e+00  6.55857012e-01 -6.51397041e-02 -2.78432979e+00
   1.01144269e+00  4.73838778e+00]]","{'amplitude': 93.19015985646541, 'color': -0.12935451433132922, 's1': 1.0915766036511176, 's2': -0.35925064839362253, 's3': -0.5429552814267875, 't0': 55646.96501163104}","{'amplitude': 0.8430578069668307, 'color': 0.07427731029553321, 's1': 0.46935473114166076, 's2': 1.214843426355515, 's3': 0.9346346692531872, 't0': 1.5411512047694746}","[[ 2.37514704 -0.33527263  0.04267621  0.44686181  0.86747905 -0.13575473]
 [-0.33527263  0.71074647 -0.06050296 -0.24550267  0.14560288  0.05497227]
 [ 0.04267621 -0.06050296  0.00551712  0.02019715 -0.00867646 -0.00327805]
 [ 0.44686181 -0.24550267  0.02019715  0.22029386  0.00506167 -0.09974176]
 [ 0.86747905  0.14560288 -0.00867646  0.00506167  1.47584455  0.64698691]
 [-0.13575473  0.05497227 -0.00327805 -0.09974176  0.64698691  0.87354196]]"
SN2011by,"{'amplitude': 81.99649877192932, 'color': 0.0619630412171726, 's1': 0.224926776471044, 's2': -1.1503815338974632, 's3': 0.5931497057376378, 't0': 55691.74372942863}","{'amplitude': 0.24890714375633066, 'color': 0.023093057721823726, 's1': 0.26147875427763567, 's2': 0.7862014892819565, 's3': 0.20241117684032295, 't0': 0.10370765584627162}","[[ 1.07552779e-02 -7.60589589e-03 -6.86276874e-05  2.19076723e-02
  -2.55209656e-04  9.57573837e-03]
 [-7.60589589e-03  6.19547662e-02 -5.32220209e-03 -3.23118478e-02
   1.69209982e-01  2.39624504e-02]
 [-6.86276874e-05 -5.32220209e-03  5.33289315e-04  8.41804534e-04
  -1.71137735e-02 -3.40654689e-03]
 [ 2.19076723e-02 -3.23118478e-02  8.41804534e-04  6.83711389e-02
  -2.41109022e-02  2.22681440e-02]
 [-2.55209656e-04  1.69209982e-01 -1.71137735e-02 -2.41109022e-02
   6.18112782e-01  1.29380441e-01]
 [ 9.57573837e-03  2.39624504e-02 -3.40654689e-03  2.22681440e-02
   1.29380441e-01  4.09702845e-02]]","{'amplitude': 81.17595772359292, 'color': 0.13429660698887413, 's1': 0.26554105710319603, 's2': -1.9823197176429392, 's3': 0.5597645297065742, 't0': 55691.672634684524}","{'amplitude': 0.18074055304393624, 'color': 0.016535923773420523, 's1': 0.07589783729949984, 's2': 0.40224045955698945, 's3': 0.1001164904452711, 't0': 0.05212209924993139}","[[ 0.00271671 -0.00466766  0.00043888  0.00105348 -0.00621509  0.00134695]
 [-0.00466766  0.03266715 -0.00294069 -0.00668368  0.0481725  -0.00919693]
 [ 0.00043888 -0.00294069  0.00027344  0.00042891 -0.00375596  0.00094809]
 [ 0.00105348 -0.00668368  0.00042891  0.00576048 -0.02564096 -0.00177117]
 [-0.00621509  0.0481725  -0.00375596 -0.02564096  0.16179739  0.00343094]
 [ 0.00134695 -0.00919693  0.00094809 -0.00177117  0.00343094  0.01002331]]"
SN2011dn,"{'amplitude': 88.47602686261378, 'color': 0.12109775559693667, 's1': 0.6210564706618169, 's2': -0.6560743832667969, 's3': 2.6910648656924643, 't0': 55743.225908390006}","{'amplitude': 0.45666535393109436, 'color': 0.043299947341353444, 's1': 0.07716040080263088, 's2': 0.36805648168920274, 's3': 0.3087039747174399, 't0': 0.5576179713675354}","[[ 0.3109378   0.2050145  -0.01877304 -0.02452195  0.14525769 -0.15673404]
 [ 0.2050145   0.20854325 -0.01969403 -0.02010664  0.14859074 -0.1213368 ]
 [-0.01877304 -0.01969403  0.00187489  0.00179812 -0.01426491  0.01139751]
 [-0.02452195 -0.02010664  0.00179812  0.00595373 -0.00790497  0.00948721]
 [ 0.14525769  0.14859074 -0.01426491 -0.00790497  0.13546557 -0.09455544]
 [-0.15673404 -0.1213368   0.01139751  0.00948721 -0.09455544  0.09529814]]","{'amplitude': 90.04820965292451, 'color': 0.0074134673505305984, 's1': -0.439843828376216, 's2': -1.019128303334993, 's3': 0.8806675681874265, 't0': 55744.39447986232}","{'amplitude': 0.5999791233383638, 'color': 0.0543138071705915, 's1': 0.6493198056882881, 's2': 0.7563204285621642, 's3': 1.0165127952131132, 't0': 0.31476296405977816}","[[ 0.09907572 -0.04545753  0.00396144  0.04072231  0.02384176  0.03641144]
 [-0.04545753  0.35997495 -0.0314825  -0.10007361  0.02930155 -0.30345559]
 [ 0.00396144 -0.0314825   0.00294999  0.00266216 -0.0114295   0.01711741]
 [ 0.04072231 -0.10007361  0.00266216  0.42161621  0.39953968  0.45910388]
 [ 0.02384176  0.02930155 -0.0114295   0.39953968  0.57202059  0.51417211]
 [ 0.03641144 -0.30345559  0.01711741  0.45910388  0.51417211  1.03329826]]"
SN2011fe,"{'amplitude': 75.12181167922118, 'color': 0.0690095808001891, 's1': 0.814395750894027, 's2': 0.2963085252222424, 's3': 1.7173972879880695, 't0': 55816.731645931926}","{'amplitude': 0.2599582290768151, 'color': 0.014419689791200384, 's1': 0.10336214042422211, 's2': 0.06857680502271721, 's3': 0.051213424071131594, 't0': 0.2086778058850659}","[[ 0.04354643  0.05140921 -0.00271447 -0.02033494 -0.0112971   0.00878249]
 [ 0.05140921  0.06757828 -0.0035997  -0.02599349 -0.01475937  0.01026395]
 [-0.00271447 -0.0035997   0.00020793  0.00130682  0.00069149 -0.00050824]
 [-0.02033494 -0.02599349  0.00130682  0.01068373  0.00615487 -0.00411773]
 [-0.0112971  -0.01475937  0.00069149  0.00615487  0.00470278 -0.00209678]
 [ 0.00878249  0.01026395 -0.00050824 -0.00411773 -0.00209678  0.00262281]]","{'amplitude': 75.48759794903721, 'color': 0.0487995011658857, 's1': 0.30152034943126943, 's2': -2.017914234444365, 's3': 0.3859754860581279, 't0': 55816.11871881808}","{'amplitude': 0.45057723359256596, 'color': 0.028938037830766487, 's1': 0.22068450597222736, 's2': 0.3041100463592177, 's3': 0.16753783400857075, 't0': 0.13017620050055267}","[[ 0.01694584  0.04907695 -0.0029273  -0.02560448 -0.02939012  0.01972327]
 [ 0.04907695  0.20301984 -0.01293174 -0.09261646 -0.11287073  0.05787128]
 [-0.0029273  -0.01293174  0.00083741  0.00573302  0.00713303 -0.00345005]
 [-0.02560448 -0.09261646  0.00573302  0.04870165  0.06315991 -0.03331208]
 [-0.02939012 -0.11287073  0.00713303  0.06315991  0.09248292 -0.04282997]
 [ 0.01972327  0.05787128 -0.00345005 -0.03331208 -0.04282997  0.02806893]]"
SN2011fs,"{'amplitude': 88.36452531488905, 'color': 0.03890602564960611, 's1': -0.5385854495420844, 's2': 0.6403511395723731, 's3': 1.1883755087689756, 't0': 55833.2356890882}","{'amplitude': 0.2226750416292971, 'color': 0.028696754706995908, 's1': 0.2494623800306846, 's2': 0.39447864622241785, 's3': 0.37744641709860616, 't0': 0.5250468609655691}","[[ 2.75674206e-01 -2.26843504e-02  6.34146253e-03  3.80790872e-02
  -9.11427648e-02 -9.41462135e-02]
 [-2.26843504e-02  4.95841742e-02 -5.94204257e-03 -4.51962102e-03
   4.39642600e-02 -7.43479893e-03]
 [ 6.34146253e-03 -5.94204257e-03  8.23503731e-04  2.02641076e-04
  -8.26873326e-03 -1.62030472e-03]
 [ 3.80790872e-02 -4.51962102e-03  2.02641076e-04  6.22314791e-02
  -2.36368081e-03  3.50772349e-02]
 [-9.11427648e-02  4.39642600e-02 -8.26873326e-03 -2.36368081e-03
   1.55613402e-01  5.53300903e-02]
 [-9.41462135e-02 -7.43479893e-03 -1.62030472e-03  3.50772349e-02
   5.53300903e-02  1.42465798e-01]]","{'amplitude': 87.42900624422478, 'color': 0.13613595128750539, 's1': -0.9047911600255371, 's2': -0.30394468316441187, 's3': 0.7174640621509004, 't0': 55833.090105967545}","{'amplitude': 0.6232931202864558, 'color': 0.06742554166694359, 's1': 0.43734587571025946, 's2': 0.6626877925610698, 's3': 0.7020155935927989, 't0': 0.7648022204281072}","[[ 0.58492244 -0.13950163  0.02138917  0.07585003 -0.2885367  -0.29430572]
 [-0.13950163  0.38849431 -0.04123639  0.0759699   0.320821    0.15236592]
 [ 0.02138917 -0.04123639  0.0045462  -0.00701014 -0.03771085 -0.0206516 ]
 [ 0.07585003  0.0759699  -0.00701014  0.19127142  0.0845501   0.12640627]
 [-0.2885367   0.320821   -0.03771085  0.0845501   0.43915511  0.33510588]
 [-0.29430572  0.15236592 -0.0206516   0.12640627  0.33510588  0.49282589]]"
SN2011hb,"{'amplitude': 90.36686903296841, 'color': 0.04909073061095039, 's1': -0.28541867838362783, 's2': 0.3629257181370647, 's3': -1.1111346268934115, 't0': 55872.80397069186}","{'amplitude': 0.25522069302266526, 'color': 0.02908951178083964, 's1': 0.2898693034498861, 's2': 0.7497152109031957, 's3': 0.7314433896085839, 't0': 0.17816499853241066}","[[ 3.17427667e-02 -3.40915070e-03  3.95163746e-04 -1.64913798e-02
   3.77619000e-02  3.55061645e-02]
 [-3.40915070e-03  6.51376021e-02 -6.83721186e-03  2.04839977e-02
  -1.34032540e-02 -4.68608212e-02]
 [ 3.95163746e-04 -6.83721186e-03  8.46199696e-04 -2.02471065e-03
  -3.34557109e-03  3.31228221e-03]
 [-1.64913798e-02  2.04839977e-02 -2.02471065e-03  8.40242131e-02
  -9.85007809e-02 -3.77579813e-02]
 [ 3.77619000e-02 -1.34032540e-02 -3.34557109e-03 -9.85007809e-02
   5.62072897e-01  3.95388361e-01]
 [ 3.55061645e-02 -4.68608212e-02  3.31228221e-03 -3.77579813e-02
   3.95388361e-01  5.35009432e-01]]","{'amplitude': 88.99026016092148, 'color': 0.19620562740193087, 's1': -0.172787062404259, 's2': -0.15432683182631615, 's3': -0.42297650398108355, 't0': 55872.9140570335}","{'amplitude': 0.7402444493614831, 'color': 0.07603381452838294, 's1': 0.3865500570479754, 's2': 1.0439553863935973, 's3': 0.8865389387367473, 't0': 0.2021316884814931}","[[ 0.04085722 -0.03070466  0.00388874  0.02131863 -0.09455772 -0.02651167]
 [-0.03070466  0.54796184 -0.05515592 -0.0536116   0.17637019 -0.17408077]
 [ 0.00388874 -0.05515592  0.00578114  0.00463677 -0.02325564  0.01526623]
 [ 0.02131863 -0.0536116   0.00463677  0.14942095 -0.25077197 -0.08077018]
 [-0.09455772  0.17637019 -0.02325564 -0.25077197  1.08984285  0.65591241]
 [-0.02651167 -0.17408077  0.01526623 -0.08077018  0.65591241  0.78595129]]"
SN2011ia,"{'amplitude': 88.93732800294335, 'color': -0.1359536282502083, 's1': -0.21855463162673505, 's2': -0.5939557102670585, 's3': 0.9490131675167429, 't0': 55891.660545627274}","{'amplitude': 1.1448181939463877, 'color': 0.06696439465030314, 's1': 0.12019980120565603, 's2': 0.32773870057645266, 's3': 0.5021140298241555, 't0': 3.2480272677485065}","[[ 1.05496811e+01  3.56459489e+00 -1.92637692e-01 -1.42949383e-01
  -3.29676734e-01  7.79733394e-01]
 [ 3.56459489e+00  1.31060870e+00 -7.50567675e-02 -7.03435410e-02
  -4.87281256e-02  1.74407986e-01]
 [-1.92637692e-01 -7.50567675e-02  4.48423015e-03  4.56087544e-03
  -9.28461690e-04 -6.74604268e-03]
 [-1.42949383e-01 -7.03435410e-02  4.56087544e-03  1.44479922e-02
  -1.02075218e-02  4.64354525e-03]
 [-3.29676734e-01 -4.87281256e-02 -9.28461690e-04 -1.02075218e-02
   1.07412656e-01 -4.51111566e-02]
 [ 7.79733394e-01  1.74407986e-01 -6.74604268e-03  4.64354525e-03
  -4.51111566e-02  2.52118499e-01]]","{'amplitude': 87.71457968144365, 'color': -0.016424196217971736, 's1': -0.019885821484090842, 's2': -1.5718167155252536, 's3': 1.4311417901598371, 't0': 55892.89043513701}","{'amplitude': 0.3306723401902661, 'color': 0.028613796019382985, 's1': 0.20170263382777268, 's2': 0.3606159258216436, 's3': 0.27648940199376515, 't0': 0.30664640246996516}","[[ 9.40320161e-02  8.38384683e-03 -3.87542618e-04  4.34940214e-02
  -4.10755614e-03 -3.00637518e-02]
 [ 8.38384683e-03  1.09344197e-01 -9.30259707e-03 -3.00181105e-03
   5.86195297e-02 -5.07530919e-02]
 [-3.87542618e-04 -9.30259707e-03  8.18749323e-04  1.25844435e-04
  -5.72536215e-03  3.82211693e-03]
 [ 4.34940214e-02 -3.00181105e-03  1.25844435e-04  4.06839525e-02
  -2.39955534e-02 -2.42908053e-02]
 [-4.10755614e-03  5.86195297e-02 -5.72536215e-03 -2.39955534e-02
   1.30043846e-01  1.12866332e-02]
 [-3.00637518e-02 -5.07530919e-02  3.82211693e-03 -2.42908053e-02
   1.12866332e-02  7.64463894e-02]]"
SN2011im,"{'amplitude': 87.3665189668878, 'color': 0.22044228079541117, 's1': 0.9016650284444929, 's2': -1.1018076421206906, 's3': 0.23086607842851728, 't0': 55904.55101118634}","{'amplitude': 0.23600147245524575, 'color': 0.022651829489089042, 's1': 0.11708310236144615, 's2': 0.3549158288528737, 's3': 0.29747531960741397, 't0': 0.2979570826704351}","[[ 0.08877842 -0.00851973  0.00114984  0.02050442  0.01280228 -0.04234942]
 [-0.00851973  0.0556967  -0.00511145 -0.01005024  0.02769434 -0.01869298]
 [ 0.00114984 -0.00511145  0.00051311  0.00052954 -0.00217628  0.00224182]
 [ 0.02050442 -0.01005024  0.00052954  0.01370845 -0.00149088 -0.01538256]
 [ 0.01280228  0.02769434 -0.00217628 -0.00149088  0.12596525  0.00868534]
 [-0.04234942 -0.01869298  0.00224182 -0.01538256  0.00868534  0.08849157]]","{'amplitude': 86.3992158601827, 'color': 0.3031426449202481, 's1': 0.8015662951106125, 's2': -0.8053328356406431, 's3': 1.0365588401474237, 't0': 55903.8908422151}","{'amplitude': 0.8424467348363708, 'color': 0.08046856445913309, 's1': 0.1479514620401632, 's2': 0.7943422796754162, 's3': 0.6694344173322531, 't0': 0.5797488449924948}","[[ 0.33610872 -0.05409766  0.00934661  0.03716932 -0.21609791 -0.2823851 ]
 [-0.05409766  0.7097165  -0.06718088 -0.03678494  0.29947134 -0.12230674]
 [ 0.00934661 -0.06718088  0.00647519  0.00335904 -0.03249391  0.00712781]
 [ 0.03716932 -0.03678494  0.00335904  0.02188964 -0.01040761 -0.0287114 ]
 [-0.21609791  0.29947134 -0.03249391 -0.01040761  0.63097966  0.26499585]
 [-0.2823851  -0.12230674  0.00712781 -0.0287114   0.26499585  0.44814244]]"
SN2012V,"{'amplitude': 87.28688986350184, 'color': -0.007171312265259563, 's1': 0.9336118615962334, 's2': 0.0040744598502142435, 's3': -0.905233638927611, 't0': 55961.71828485154}","{'amplitude': 0.12592734012389956, 'color': 0.010160303108453474, 's1': 0.08378511195054446, 's2': 0.17078492877373608, 's3': 0.21616738633262594, 't0': 0.19648945349575178}","[[ 3.86081053e-02 -1.33739389e-02  9.79369032e-04  1.20597995e-02
  -4.72740959e-03 -1.95358006e-02]
 [-1.33739389e-02  1.58576950e-02 -1.15657858e-03 -7.99223460e-03
   4.28471615e-03  9.95233138e-03]
 [ 9.79369032e-04 -1.15657858e-03  1.03231759e-04  4.88021899e-04
  -3.80531565e-04 -5.64315204e-05]
 [ 1.20597995e-02 -7.99223460e-03  4.88021899e-04  7.01994498e-03
  -5.99142016e-03 -1.16844209e-02]
 [-4.72740959e-03  4.28471615e-03 -3.80531565e-04 -5.99142016e-03
   2.91674919e-02  8.36458660e-03]
 [-1.95358006e-02  9.95233138e-03 -5.64315204e-05 -1.16844209e-02
   8.36458660e-03  4.67283389e-02]]","{'amplitude': 86.90659260511238, 'color': 0.017980794180277072, 's1': 0.9686083325767179, 's2': 0.03923443452824861, 's3': -0.8584046749675348, 't0': 55961.60809333705}","{'amplitude': 0.2793317698820932, 'color': 0.020019258235761797, 's1': 0.16577994534045615, 's2': 0.2651300560708527, 's3': 0.4174260093676707, 't0': 0.3793869510422217}","[[ 0.14393446 -0.07273426  0.00473628  0.05256792  0.03006464 -0.10783117]
 [-0.07273426  0.07802624 -0.00530701 -0.03918797 -0.0103073   0.06567528]
 [ 0.00473628 -0.00530701  0.00040077  0.00241716  0.00036114 -0.00286791]
 [ 0.05256792 -0.03918797  0.00241716  0.02748299  0.00120446 -0.05458867]
 [ 0.03006464 -0.0103073   0.00036114  0.00120446  0.07029395 -0.02550288]
 [-0.10783117  0.06567528 -0.00286791 -0.05458867 -0.02550288  0.17424447]]"
SN2012bl,"{'amplitude': 88.00853623165656, 'color': 0.005908543328066935, 's1': -0.13955244883072154, 's2': -2.189847998163744, 's3': -1.2100016973412149, 't0': 56019.63408153819}","{'amplitude': 0.14719416964314358, 'color': 0.016671836285714677, 's1': 0.15658548085928625, 's2': 0.3982445174896355, 's3': 0.19185924573963395, 't0': 0.5927772876147265}","[[ 3.51384913e-01  9.40701348e-03  1.74095267e-03  6.26462938e-03
   1.77834052e-01  1.80424177e-02]
 [ 9.40701348e-03  2.16661236e-02 -2.25118334e-03 -5.25416586e-03
   1.62881224e-02 -1.73745776e-02]
 [ 1.74095267e-03 -2.25118334e-03  2.77950125e-04  2.37842206e-04
  -5.18493997e-04  2.27588320e-03]
 [ 6.26462938e-03 -5.25416586e-03  2.37842206e-04  2.45190128e-02
  -1.86048954e-02  9.42271443e-03]
 [ 1.77834052e-01  1.62881224e-02 -5.18493997e-04 -1.86048954e-02
   1.58598696e-01 -4.92109938e-03]
 [ 1.80424177e-02 -1.73745776e-02  2.27588320e-03  9.42271443e-03
  -4.92109938e-03  3.68099702e-02]]","{'amplitude': 88.16306936660509, 'color': -0.051743411966398443, 's1': -0.11839527226310183, 's2': 1.6609015505890343, 's3': -0.00930247571383676, 't0': 56021.418421989176}","{'amplitude': 0.5191240746652812, 'color': 0.05517470871613228, 's1': 0.23396265508884678, 's2': 1.296965981193606, 's3': 0.6146329156011247, 't0': 0.608990842743189}","[[ 0.37086985  0.03983938 -0.01279314  0.05862564  0.55776363  0.19822366]
 [ 0.03983938  0.2694898  -0.0259429   0.03548459  0.09536636  0.20683222]
 [-0.01279314 -0.0259429   0.00304425 -0.00343126 -0.03795003 -0.02671162]
 [ 0.05862564  0.03548459 -0.00343126  0.05473852 -0.01740251  0.0711098 ]
 [ 0.55776363  0.09536636 -0.03795003 -0.01740251  1.68212076  0.44868275]
 [ 0.19822366  0.20683222 -0.02671162  0.0711098   0.44868275  0.37777362]]"
SN2012cg,"{'amplitude': 79.10761589792662, 'color': 0.2016744458992334, 's1': -0.5521277859341797, 's2': -0.4194816582275785, 's3': 0.7810520857955687, 't0': 56082.70341878267}","{'amplitude': 0.07118078432061492, 'color': 0.008335510374787294, 's1': 0.06198703278157707, 's2': 0.07685969551565312, 's3': 0.11387906593805353, 't0': 0.07117446932252844}","[[ 5.06580508e-03 -2.51201128e-03  2.46508307e-04  1.01001601e-03
   3.75163994e-03  7.36289082e-03]
 [-2.51201128e-03  5.06670406e-03 -5.79087354e-04  1.07426852e-03
  -2.77684422e-03 -4.87475398e-03]
 [ 2.46508307e-04 -5.79087354e-04  6.94807332e-05 -2.11887135e-04
   3.01171324e-04  4.89594952e-04]
 [ 1.01001601e-03  1.07426852e-03 -2.11887135e-04  3.84239223e-03
   3.26970726e-04  2.24824309e-03]
 [ 3.75163994e-03 -2.77684422e-03  3.01171324e-04  3.26970726e-04
   5.90741279e-03  7.15990610e-03]
 [ 7.36289082e-03 -4.87475398e-03  4.89594952e-04  2.24824309e-03
   7.15990610e-03  1.29684417e-02]]","{'amplitude': 79.52578421574358, 'color': 0.1494399863089257, 's1': -0.5478949872039068, 's2': -0.05503539179773927, 's3': 0.7467700624329673, 't0': 56082.70458937171}","{'amplitude': 0.2369128772100369, 'color': 0.020481480984814355, 's1': 0.3721233042133895, 's2': 0.13051453838717206, 's3': 0.20347570656899913, 't0': 0.09613751928191751}","[[ 0.00924242 -0.01910356  0.00162046  0.02029015 -0.00588275  0.0156241 ]
 [-0.01910356  0.05612771 -0.00476049 -0.0607952   0.01988092 -0.04229145]
 [ 0.00162046 -0.00476049  0.00041949  0.00430223 -0.00146477  0.00339969]
 [ 0.02029015 -0.0607952   0.00430223  0.13847575 -0.044894    0.06711396]
 [-0.00588275  0.01988092 -0.00146477 -0.044894    0.01703404 -0.02233197]
 [ 0.0156241  -0.04229145  0.00339969  0.06711396 -0.02233197  0.04140236]]"
SN2012cp,"{'amplitude': 87.69460353360252, 'color': 0.31304261770362163, 's1': -0.16709695151448725, 's2': -0.44628073952781305, 's3': 0.23754283995745637, 't0': 56082.407477901004}","{'amplitude': 0.33647443566951823, 'color': 0.03569971136104801, 's1': 0.3236402899012558, 's2': 0.6570543127591557, 's3': 0.6218512187344024, 't0': 0.2653688427628277}","[[ 0.07042062 -0.03496189  0.00310476  0.04050957 -0.02997552  0.07482405]
 [-0.03496189  0.11321505 -0.0116651  -0.03271738  0.03720873 -0.1058718 ]
 [ 0.00310476 -0.0116651   0.00127447  0.00178744 -0.00556174  0.00908483]
 [ 0.04050957 -0.03271738  0.00178744  0.10474304 -0.04923999  0.0813447 ]
 [-0.02997552  0.03720873 -0.00556174 -0.04923999  0.43172037  0.19867136]
 [ 0.07482405 -0.1058718   0.00908483  0.0813447   0.19867136  0.38669894]]","{'amplitude': 88.48380574663835, 'color': 0.22474626188472954, 's1': -0.3115416076818975, 's2': 0.25733738648275933, 's3': 0.15624924540614027, 't0': 56082.57978303376}","{'amplitude': 0.8128882689017877, 'color': 0.08901369955704486, 's1': 0.4687232847178555, 's2': 0.9640274047244516, 's3': 0.7919713796242491, 't0': 0.44497400770586537}","[[ 0.19800187  0.03631054 -0.00804678  0.097304    0.19418459  0.23013935]
 [ 0.03631054  0.66078734 -0.07126608  0.06172945  0.36200905 -0.05772891]
 [-0.00804678 -0.07126608  0.00792344 -0.00838073 -0.04831363  0.00169988]
 [ 0.097304    0.06172945 -0.00838073  0.21970152 -0.00257186  0.21490701]
 [ 0.19418459  0.36200905 -0.04831363 -0.00257186  0.92934884  0.29447355]
 [ 0.23013935 -0.05772891  0.00169988  0.21490701  0.29447355  0.62721867]]"
SN2012dn,"{'amplitude': 81.20865279445857, 'color': 0.03609868061130903, 's1': -0.044780818207255955, 's2': -0.22839315713571423, 's3': -0.5157584589249146, 't0': 56136.16640835937}","{'amplitude': 4.19908906542613, 'color': 0.2639511045286415, 's1': 1.107960029923243, 's2': 0.44237496294762657, 's3': 1.127728795580395, 't0': 62.89665325334761}","[[ 3.95598899e+03 -1.27433615e+02 -1.40257795e+01 -4.10532538e+01
  -3.76531138e+00 -6.47270891e+01]
 [-1.27433615e+02  1.76323490e+01  2.70172446e-02  2.98366578e+00
   1.54894720e+00  2.72080960e+00]
 [-1.40257795e+01  2.70172446e-02  6.96701856e-02  8.28671496e-02
  -2.79435431e-02  2.29680508e-01]
 [-4.10532538e+01  2.98366578e+00  8.28671496e-02  1.22757543e+00
   2.01382854e-01  6.72887396e-01]
 [-3.76531138e+00  1.54894720e+00 -2.79435431e-02  2.01382854e-01
   1.95695608e-01  2.02818563e-01]
 [-6.47270891e+01  2.72080960e+00  2.29680508e-01  6.72887396e-01
   2.02818563e-01  1.27177224e+00]]","{'amplitude': 84.63869916487212, 'color': -0.07508355637091636, 's1': 1.8217970012744569, 's2': -1.489483362423072, 's3': 3.2020591797040305, 't0': 56134.77860079495}","{'amplitude': 2.9906829691850776, 'color': 0.1519432548235691, 's1': 0.904571538358261, 's2': 0.9207877343494592, 's3': 1.039499599180821, 't0': 13.918060593591417}","[[ 1.93712411e+02 -4.06634909e+01  2.07971642e+00 -1.08202287e+01
   3.97943277e+00 -1.42417786e+01]
 [-4.06634909e+01  8.94418462e+00 -4.50179226e-01  2.05948201e+00
  -1.18533129e+00  2.98107294e+00]
 [ 2.07971642e+00 -4.50179226e-01  2.30867527e-02 -1.13388631e-01
   5.05015149e-02 -1.52293604e-01]
 [-1.08202287e+01  2.05948201e+00 -1.13388631e-01  8.18249668e-01
   6.12002142e-02  8.01155121e-01]
 [ 3.97943277e+00 -1.18533129e+00  5.05015149e-02  6.12002142e-02
   8.47850052e-01 -3.04549144e-01]
 [-1.42417786e+01  2.98107294e+00 -1.52293604e-01  8.01155121e-01
  -3.04549144e-01  1.08055942e+00]]"
SN2012fr,"{'amplitude': 79.64900324433638, 'color': 0.10133875003050942, 's1': -0.33953674531848466, 's2': -2.105164135499456, 's3': -0.9533876924508143, 't0': 56244.935643206285}","{'amplitude': 0.25268459103203206, 'color': 0.02623988432191516, 's1': 0.28924243138531547, 's2': 0.4483332097752412, 's3': 0.4559491031228749, 't0': 0.16476198048673543}","[[ 0.02714651 -0.01267213  0.00233707 -0.01432261 -0.05175785  0.02602478]
 [-0.01267213  0.0638495  -0.00565384 -0.01484196  0.00237764 -0.08607291]
 [ 0.00233707 -0.00565384  0.00068853 -0.00239104 -0.00611102  0.00903274]
 [-0.01432261 -0.01484196 -0.00239104  0.08366118  0.11263463  0.00358069]
 [-0.05175785  0.00237764 -0.00611102  0.11263463  0.20100267 -0.03938087]
 [ 0.02602478 -0.08607291  0.00903274  0.00358069 -0.03938087  0.20788958]]","{'amplitude': 79.18556193071126, 'color': 0.13058161013698233, 's1': -1.357174989837942, 's2': -0.5837455546128479, 's3': -0.8558581777766698, 't0': 56244.524862756516}","{'amplitude': 0.1293576901123771, 'color': 0.009479795474010731, 's1': 0.06214669438252108, 's2': 0.15536176276272548, 's3': 0.15358156558807692, 't0': 0.0842743212673962}","[[ 7.10216123e-03  7.05507071e-03 -3.38666815e-04 -1.68119404e-03
   1.08002390e-02  1.09140598e-02]
 [ 7.05507071e-03  1.67334120e-02 -1.14493750e-03 -3.23852680e-03
   1.42461246e-02  1.09940169e-02]
 [-3.38666815e-04 -1.14493750e-03  8.98665222e-05  1.17676048e-04
  -6.61900937e-04 -3.63047097e-04]
 [-1.68119404e-03 -3.23852680e-03  1.17676048e-04  3.86221162e-03
  -6.55867407e-03 -5.06303872e-03]
 [ 1.08002390e-02  1.42461246e-02 -6.61900937e-04 -6.55867407e-03
   2.41372773e-02  2.07822208e-02]
 [ 1.09140598e-02  1.09940169e-02 -3.63047097e-04 -5.06303872e-03
   2.07822208e-02  2.35872973e-02]]"
SN2012hr,"{'amplitude': 83.9857917632766, 'color': 0.049154395740010376, 's1': 0.32304335145978114, 's2': 0.8891907934792423, 's3': 0.25262987057727776, 't0': 56289.92457147818}","{'amplitude': 0.0722509310042209, 'color': 0.007974010244057361, 's1': 0.0507500564352261, 's2': 0.11306167136606583, 's3': 0.15498872318486034, 't0': 0.10238251982086073}","[[ 1.04821804e-02 -1.57125545e-03  7.73053546e-05  2.36419665e-03
   3.55497632e-03  3.95950121e-03]
 [-1.57125545e-03  5.22019703e-03 -4.99028734e-04 -1.23539038e-03
   8.53568562e-04  9.53723277e-04]
 [ 7.73053546e-05 -4.99028734e-04  6.35848394e-05  2.61341201e-05
  -4.87420351e-04 -3.95748807e-04]
 [ 2.36419665e-03 -1.23539038e-03  2.61341201e-05  2.57556823e-03
   1.97494898e-03  2.48595863e-03]
 [ 3.55497632e-03  8.53568562e-04 -4.87420351e-04  1.97494898e-03
   1.27829415e-02  9.80552955e-03]
 [ 3.95950121e-03  9.53723277e-04 -3.95748807e-04  2.48595863e-03
   9.80552955e-03  2.40215043e-02]]","{'amplitude': 83.32773540377748, 'color': 0.10514077902746828, 's1': 0.23382745269752495, 's2': 0.9898084351300391, 's3': -0.3694543551545041, 't0': 56290.033483211926}","{'amplitude': 0.20325319274490242, 'color': 0.018806248534729616, 's1': 0.10496278633966327, 's2': 0.42379770811137135, 's3': 0.3686035693852223, 't0': 0.23787605612127777}","[[ 0.05658502 -0.00488524 -0.00155656  0.00776702  0.08106414  0.05345659]
 [-0.00488524  0.04131186 -0.00320028  0.0094258  -0.02426247  0.03184216]
 [-0.00155656 -0.00320028  0.00035367 -0.00105996 -0.00207582 -0.00531042]
 [ 0.00776702  0.0094258  -0.00105996  0.01101719  0.00165923  0.01871978]
 [ 0.08106414 -0.02426247 -0.00207582  0.00165923  0.1796045   0.1002349 ]
 [ 0.05345659  0.03184216 -0.00531042  0.01871978  0.1002349   0.13586859]]"
SN2012ij,"{'amplitude': 88.32011639069331, 'color': 0.050055323191929846, 's1': 0.84533490500873, 's2': 2.0015219739936274, 's3': -0.49392258780046205, 't0': 56300.67510410232}","{'amplitude': 0.3274848480056907, 'color': 0.02332212364263711, 's1': 0.3025568476833454, 's2': 0.4490213899072903, 's3': 0.5118452960983857, 't0': 0.5509568302386884}","[[ 0.30355343 -0.07601365  0.00759623  0.11404829  0.04615311  0.12876359]
 [-0.07601365  0.10724633 -0.00608703 -0.07236095 -0.10066251 -0.11291348]
 [ 0.00759623 -0.00608703  0.00054392  0.00407067  0.00180772  0.00479667]
 [ 0.11404829 -0.07236095  0.00407067  0.09154065  0.0731059   0.13545991]
 [ 0.04615311 -0.10066251  0.00180772  0.0731059   0.20162021  0.16221931]
 [ 0.12876359 -0.11291348  0.00479667  0.13545991  0.16221931  0.26198561]]","{'amplitude': 89.31536637963703, 'color': -0.021904372158051882, 's1': 0.6643737423304513, 's2': 1.9172855299977087, 's3': -0.29741837605220245, 't0': 56300.49552475859}","{'amplitude': 0.7588082504494658, 'color': 0.045525442292295465, 's1': 0.27399156404034114, 's2': 0.6519096549125682, 's3': 0.2840594856235569, 't0': 2.175752123072834}","[[ 4.73389730e+00  1.07449174e+00 -4.89131094e-02  4.65765514e-01
   8.08561725e-01  1.78465896e-02]
 [ 1.07449174e+00  5.75789961e-01 -3.21256051e-02  5.43129377e-02
  -1.33120433e-02  1.43244941e-02]
 [-4.89131094e-02 -3.21256051e-02  2.07256590e-03 -2.21821810e-03
  -1.38020364e-03 -2.44885667e-03]
 [ 4.65765514e-01  5.43129377e-02 -2.21821810e-03  7.50713772e-02
   1.11495359e-01  2.10962551e-02]
 [ 8.08561725e-01 -1.33120433e-02 -1.38020364e-03  1.11495359e-01
   4.24986198e-01  4.65961625e-02]
 [ 1.78465896e-02  1.43244941e-02 -2.44885667e-03  2.10962551e-02
   4.65961625e-02  8.06897914e-02]]"
SN2013E,"{'amplitude': 84.5521441330954, 'color': 0.0705563394201069, 's1': -0.6048165430012884, 's2': 0.6945549034455428, 's3': 0.27246680880861, 't0': 56309.348676191876}","{'amplitude': 0.11427158506773871, 'color': 0.015038118809893945, 's1': 0.1821137967832708, 's2': 0.17741644177380422, 's3': 0.16915056451309965, 't0': 0.10248305498513563}","[[ 0.01050278 -0.000309   -0.00011308  0.00207786  0.00429237  0.00423485]
 [-0.000309    0.013058   -0.0015975   0.00761769  0.00656016  0.00554285]
 [-0.00011308 -0.0015975   0.00022615 -0.0013882  -0.0013644  -0.00103788]
 [ 0.00207786  0.00761769 -0.0013882   0.03316543 -0.0048521   0.01914695]
 [ 0.00429237  0.00656016 -0.0013644  -0.0048521   0.03147659  0.00137261]
 [ 0.00423485  0.00554285 -0.00103788  0.01914695  0.00137261  0.02861191]]","{'amplitude': 84.09619136695837, 'color': 0.13024967242988508, 's1': -0.8215355757941702, 's2': -0.2415285851733829, 's3': -0.283058599924489, 't0': 56309.220795511326}","{'amplitude': 0.27285544400032286, 'color': 0.029685843438175978, 's1': 0.23888737734821464, 's2': 0.3491071951411869, 's3': 0.27795963904358184, 't0': 0.12860585491687235}","[[ 0.01653947 -0.00596914  0.00053516 -0.00546154 -0.00606167 -0.00222137]
 [-0.00596914  0.07445009 -0.00798163  0.03275198  0.07550741  0.0422984 ]
 [ 0.00053516 -0.00798163  0.00088125 -0.00374979 -0.0086846  -0.00471242]
 [-0.00546154  0.03275198 -0.00374979  0.05706718  0.03260151  0.0391106 ]
 [-0.00606167  0.07550741 -0.0086846   0.03260151  0.12187583  0.06534532]
 [-0.00222137  0.0422984  -0.00471242  0.0391106   0.06534532  0.07726156]]"
SN2013aa,"{'amplitude': 78.78840370590964, 'color': 0.11780696366017658, 's1': 0.37553911114588007, 's2': -1.7031521267245258, 's3': 0.3529204038241761, 't0': 56345.452134798776}","{'amplitude': 0.22578082400862992, 'color': 0.028627819308839744, 's1': 0.33874447802127106, 's2': 1.2291375682108363, 's3': 0.4188299341136289, 't0': 0.5578799482043464}","[[ 3.11230037e-01  5.86627930e-02 -1.07981052e-02  1.64132660e-01
   6.61558545e-01  1.61599905e-01]
 [ 5.86627930e-02  5.09769805e-02 -6.02288832e-03  5.22880937e-02
   1.56607099e-01 -1.52383945e-02]
 [-1.07981052e-02 -6.02288832e-03  8.19552038e-04 -8.62071417e-03
  -2.73873972e-02 -1.70951595e-03]
 [ 1.64132660e-01  5.22880937e-02 -8.62071417e-03  1.14747821e-01
   3.91447300e-01  7.15160979e-02]
 [ 6.61558545e-01  1.56607099e-01 -2.73873972e-02  3.91447300e-01
   1.51077916e+00  3.18790270e-01]
 [ 1.61599905e-01 -1.52383945e-02 -1.70951595e-03  7.15160979e-02
   3.18790270e-01  1.75418514e-01]]","{'amplitude': 78.74829509366072, 'color': 0.1359228676495118, 's1': 0.2784435984040678, 's2': -0.9180626624488326, 's3': 0.49755253887402096, 't0': 56346.62661574806}","{'amplitude': 0.2672849880285039, 'color': 0.022889185683628348, 's1': 0.41096033186528563, 's2': 0.7791349560860865, 's3': 0.33579425857348966, 't0': 0.5802194381865201}","[[ 3.36654596e-01 -3.40607333e-02 -5.34279702e-03  2.14137582e-01
   4.09868817e-01  9.16473847e-03]
 [-3.40607333e-02  7.14412648e-02 -4.44255523e-03 -4.63377753e-02
  -1.93306112e-02  3.42437335e-02]
 [-5.34279702e-03 -4.44255523e-03  5.23914821e-04 -2.85050037e-03
  -9.83923936e-03 -6.59368825e-04]
 [ 2.14137582e-01 -4.63377753e-02 -2.85050037e-03  1.68888394e-01
   2.82251927e-01 -4.82352481e-02]
 [ 4.09868817e-01 -1.93306112e-02 -9.83923936e-03  2.82251927e-01
   6.07051280e-01 -2.03240116e-02]
 [ 9.16473847e-03  3.42437335e-02 -6.59368825e-04 -4.82352481e-02
  -2.03240116e-02  1.12757784e-01]]"
SN2013ag,"{'amplitude': 89.5419139429679, 'color': 0.017281784605964374, 's1': 0.5777642806267468, 's2': 0.505305807027596, 's3': 0.18995441583654474, 't0': 56359.32720063536}","{'amplitude': 0.39752712579176963, 'color': 0.03874985220704468, 's1': 0.26726008573809157, 's2': 1.2987510904451476, 's3': 1.3975744412546023, 't0': 0.9564831124734455}","[[ 9.14859944e-01  9.66569799e-02  1.03240001e-02 -2.10057074e-02
  -8.59853242e-01 -1.09602033e+00]
 [ 9.66569799e-02  1.58027816e-01 -1.21421210e-02 -6.61831894e-02
  -9.78262880e-02 -1.35529840e-01]
 [ 1.03240001e-02 -1.21421210e-02  1.50155105e-03  4.26027129e-03
  -1.72862156e-02 -1.68954014e-02]
 [-2.10057074e-02 -6.61831894e-02  4.26027129e-03  7.14279534e-02
   8.49443720e-02  5.73186849e-02]
 [-8.59853242e-01 -9.78262880e-02 -1.72862156e-02  8.49443720e-02
   1.68675439e+00  1.68686206e+00]
 [-1.09602033e+00 -1.35529840e-01 -1.68954014e-02  5.73186849e-02
   1.68686206e+00  1.95321432e+00]]","{'amplitude': 89.74409670818822, 'color': -0.007732632685201438, 's1': -0.5005783893365611, 's2': 1.0350174843731905, 's3': -0.03077467658920769, 't0': 56358.31730266564}","{'amplitude': 0.505125011034423, 'color': 0.04486309116842313, 's1': 1.0269792391568568, 's2': 0.774037455928339, 's3': 1.2967137485704807, 't0': 2.0101649368546424}","[[ 4.04076307e+00  3.36090602e-01 -3.25158192e-03  1.58845619e+00
   4.30534572e-01 -2.46870814e-01]
 [ 3.36090602e-01  2.55151277e-01 -2.01141955e-02  7.24431004e-02
   2.46601910e-02 -4.08149380e-02]
 [-3.25158192e-03 -2.01141955e-02  2.01269695e-03  1.65524858e-03
  -7.16301305e-03 -3.60996257e-03]
 [ 1.58845619e+00  7.24431004e-02  1.65524858e-03  1.05468636e+00
   1.46531619e-01  4.00405798e-01]
 [ 4.30534572e-01  2.46601910e-02 -7.16301305e-03  1.46531619e-01
   5.99133983e-01  4.58523284e-01]
 [-2.46870814e-01 -4.08149380e-02 -3.60996257e-03  4.00405798e-01
   4.58523284e-01  1.68146655e+00]]"
SN2013cs,"{'amplitude': 83.53396361452006, 'color': 0.1590101393658939, 's1': 0.34605458873596706, 's2': -0.024028450490105675, 's3': -1.0813689356684497, 't0': 56437.36115392415}","{'amplitude': 0.09561224530799999, 'color': 0.010244575120433703, 's1': 0.04765346392631312, 's2': 0.18897796574722547, 's3': 0.25820220065003285, 't0': 0.07931272886292674}","[[ 6.29050896e-03 -5.41534167e-04  6.60052038e-05  4.73864626e-04
  -1.48098310e-03 -2.68300789e-04]
 [-5.41534167e-04  9.14170145e-03 -8.68497103e-04 -1.52189161e-04
   4.15396197e-04  1.16905864e-03]
 [ 6.60052038e-05 -8.68497103e-04  1.04951319e-04 -6.29363689e-05
  -3.50865718e-04  6.06671492e-04]
 [ 4.73864626e-04 -1.52189161e-04 -6.29363689e-05  2.27085262e-03
   3.66640515e-03  2.73460842e-03]
 [-1.48098310e-03  4.15396197e-04 -3.50865718e-04  3.66640515e-03
   3.57126715e-02  1.66781702e-02]
 [-2.68300789e-04  1.16905864e-03  6.06671492e-04  2.73460842e-03
   1.66781702e-02  6.66683764e-02]]","{'amplitude': 83.2841008886953, 'color': 0.17255713529195668, 's1': 0.32088956771754973, 's2': 0.5228527333530262, 's3': -0.7683940905158606, 't0': 56437.44131778082}","{'amplitude': 0.23878095060213317, 'color': 0.023667078144141318, 's1': 0.10418475284223967, 's2': 0.3713535027244547, 's3': 0.4455274122203399, 't0': 0.17663917757281375}","[[ 3.12013991e-02  6.60200110e-05 -1.17408057e-03  1.05175796e-02
   5.04561562e-02  4.87220276e-02]
 [ 6.60200110e-05  5.70163424e-02 -5.19544720e-03 -8.53849436e-04
   6.05570523e-03  2.51112956e-02]
 [-1.17408057e-03 -5.19544720e-03  5.60130588e-04 -4.28669368e-04
  -3.51969003e-03 -3.82064730e-03]
 [ 1.05175796e-02 -8.53849436e-04 -4.28669368e-04  1.08544627e-02
   1.64324012e-02  2.58489486e-02]
 [ 5.04561562e-02  6.05570523e-03 -3.51969003e-03  1.64324012e-02
   1.37903424e-01  1.07448110e-01]
 [ 4.87220276e-02  2.51112956e-02 -3.82064730e-03  2.58489486e-02
   1.07448110e-01  1.98494675e-01]]"
SN2013dy,"{'amplitude': 81.6855181044759, 'color': 0.15739779939289647, 's1': -0.7205704862536423, 's2': -0.4314255327301149, 's3': 0.5291768804603171, 't0': 56501.623527775315}","{'amplitude': 0.16664683035532657, 'color': 0.017848369733115852, 's1': 0.07383858153092655, 's2': 0.1761637496010794, 's3': 0.213412245246131, 't0': 0.06371954945401682}","[[ 0.00406018 -0.00641704  0.00065781 -0.00074342 -0.00042581  0.00922333]
 [-0.00641704  0.02777117 -0.00294412  0.00148448  0.01450884 -0.02107034]
 [ 0.00065781 -0.00294412  0.00031856 -0.00024682 -0.00183037  0.00195952]
 [-0.00074342  0.00148448 -0.00024682  0.00545214  0.00181741  0.00162266]
 [-0.00042581  0.01450884 -0.00183037  0.00181741  0.03103367  0.01062944]
 [ 0.00922333 -0.02107034  0.00195952  0.00162266  0.01062944  0.04554479]]","{'amplitude': 81.53674225220874, 'color': 0.1699041287649745, 's1': -0.7183635526375297, 's2': -0.35295941079111026, 's3': 0.6564414560705449, 't0': 56501.69714524839}","{'amplitude': 0.46733934241381964, 'color': 0.050627449791837205, 's1': 0.06443989034947846, 's2': 0.3721998686319827, 's3': 0.14512648677160198, 't0': 0.05824706687635982}","[[ 3.39272080e-03  1.07395350e-03 -1.46175055e-04 -1.65647594e-04
   3.80537742e-03  3.19463452e-03]
 [ 1.07395350e-03  2.18406061e-01 -2.36214868e-02  7.50427251e-03
   1.63001384e-01 -5.55179211e-03]
 [-1.46175055e-04 -2.36214868e-02  2.56313867e-03 -8.87916794e-04
  -1.78800543e-02  6.24706844e-04]
 [-1.65647594e-04  7.50427251e-03 -8.87916794e-04  4.15249947e-03
   5.49585422e-03  4.42732805e-04]
 [ 3.80537742e-03  1.63001384e-01 -1.78800543e-02  5.49585422e-03
   1.38532742e-01  2.79151777e-03]
 [ 3.19463452e-03 -5.55179211e-03  6.24706844e-04  4.42732805e-04
   2.79151777e-03  2.10616972e-02]]"
SN2013ex,"{'amplitude': 86.6179478685079, 'color': 0.03731739771691515, 's1': 0.4322726432067221, 's2': -0.6061280883932569, 's3': 0.8195661524563979, 't0': 56531.667336679326}","{'amplitude': 0.14572913718098723, 'color': 0.014953469575412718, 's1': 0.10590296570779341, 's2': 0.21230590442036879, 's3': 0.20509207823115871, 't0': 0.18045186016105702}","[[ 3.25628738e-02 -3.38640217e-03  3.03007749e-04  1.16624827e-02
   9.12457912e-03 -7.08937310e-03]
 [-3.38640217e-03  2.12369814e-02 -2.07390363e-03 -2.87151346e-03
   1.05315444e-02  5.86494154e-03]
 [ 3.03007749e-04 -2.07390363e-03  2.23606252e-04 -3.93987907e-06
  -1.71698343e-03 -9.54113972e-04]
 [ 1.16624827e-02 -2.87151346e-03 -3.93987907e-06  1.12154381e-02
   1.16919635e-02 -3.20352577e-03]
 [ 9.12457912e-03  1.05315444e-02 -1.71698343e-03  1.16919635e-02
   4.50737971e-02  2.03054286e-02]
 [-7.08937310e-03  5.86494154e-03 -9.54113972e-04 -3.20352577e-03
   2.03054286e-02  4.20627606e-02]]","{'amplitude': 85.98264550328966, 'color': 0.09319560644408018, 's1': 0.475634967073174, 's2': -0.5470000715267267, 's3': 0.9501980051845005, 't0': 56531.52933720763}","{'amplitude': 0.3330301272064324, 'color': 0.031282037248035036, 's1': 0.16515001869732832, 's2': 0.4759003685799706, 's3': 0.24341681466232, 't0': 0.2458271054577026}","[[ 6.04309658e-02  1.20017919e-02 -1.64129491e-03  2.62367629e-02
   5.77560851e-02 -1.49362080e-02]
 [ 1.20017919e-02  1.10909066e-01 -1.00935480e-02 -9.35382755e-03
   3.28230939e-02 -8.73221612e-03]
 [-1.64129491e-03 -1.00935480e-02  9.78565854e-04 -1.10268251e-04
  -6.12761248e-03  2.82955631e-04]
 [ 2.62367629e-02 -9.35382755e-03 -1.10268251e-04  2.72745287e-02
   5.64561889e-02 -3.67494901e-03]
 [ 5.77560851e-02  3.28230939e-02 -6.12761248e-03  5.64561889e-02
   2.26481161e-01  2.89069699e-02]
 [-1.49362080e-02 -8.73221612e-03  2.82955631e-04 -3.67494901e-03
   2.89069699e-02  5.92517457e-02]]"
SN2013fn,"{'amplitude': 90.19925707475414, 'color': 0.014937815917430729, 's1': -0.4599002716005312, 's2': 1.100175463980802, 's3': -0.08542246546988615, 't0': 56571.8480694155}","{'amplitude': 0.2249611894254172, 'color': 0.02687137659019668, 's1': 0.32675332403092083, 's2': 0.5202112317383751, 's3': 0.6396243874787144, 't0': 0.4083358017854933}","[[ 1.66738127e-01 -2.06233195e-03 -3.25118877e-04  3.14558697e-02
   4.73535874e-02 -2.83955070e-02]
 [-2.06233195e-03  5.06075367e-02 -5.55531532e-03  2.44027630e-02
   1.29044088e-02  4.95725623e-02]
 [-3.25118877e-04 -5.55531532e-03  7.22070880e-04 -3.25774056e-03
  -5.77415412e-03 -9.32089416e-03]
 [ 3.14558697e-02  2.44027630e-02 -3.25774056e-03  1.06767735e-01
  -3.59182579e-02  4.93783976e-02]
 [ 4.73535874e-02  1.29044088e-02 -5.77415412e-03 -3.59182579e-02
   2.70619726e-01  1.99144940e-01]
 [-2.83955070e-02  4.95725623e-02 -9.32089416e-03  4.93783976e-02
   1.99144940e-01  4.09119357e-01]]","{'amplitude': 89.50199698265698, 'color': 0.08605083513626495, 's1': -0.3491694664871465, 's2': 0.6804767202291911, 's3': -0.51516683961582, 't0': 56571.89902148786}","{'amplitude': 0.4240058701725196, 'color': 0.04556265085459013, 's1': 0.39690940800262337, 's2': 0.6989661984821358, 's3': 0.7238625138991097, 't0': 0.5021027837021157}","[[ 2.52107205e-01  3.31655829e-02 -3.69655862e-03  6.38401531e-02
   3.73984959e-02 -6.79284968e-02]
 [ 3.31655829e-02  1.79780978e-01 -1.86036016e-02  1.36941225e-02
   7.20867685e-02  1.39727586e-02]
 [-3.69655862e-03 -1.86036016e-02  2.07595515e-03  9.25989433e-06
  -1.40060106e-02 -3.35909980e-03]
 [ 6.38401531e-02  1.36941225e-02  9.25989433e-06  1.57537078e-01
  -1.43927196e-01  6.47876554e-03]
 [ 3.73984959e-02  7.20867685e-02 -1.40060106e-02 -1.43927196e-01
   4.88553747e-01  2.34783954e-01]
 [-6.79284968e-02  1.39727586e-02 -3.35909980e-03  6.47876554e-03
   2.34783954e-01  5.23976939e-01]]"
SN2013fy,"{'amplitude': 90.4893069848323, 'color': 0.0048587304160052445, 's1': -0.6453295292576321, 's2': -0.21197048962494783, 's3': -1.360493917630739, 't0': 56601.05356786587}","{'amplitude': 0.3272055882877358, 'color': 0.03470317643422952, 's1': 0.5600000178188466, 's2': 1.2996780011069766, 's3': 1.0044649256948706, 't0': 0.49586533907756003}","[[ 2.45882434e-01 -1.71914896e-02  1.34824089e-03  1.05991586e-01
   1.65802092e-01  1.40598985e-01]
 [-1.71914896e-02  1.07063497e-01 -1.04232208e-02  2.23839273e-02
  -1.35567558e-01 -1.68364238e-01]
 [ 1.34824089e-03 -1.04232208e-02  1.20431045e-03 -2.61228175e-03
   4.90328699e-03  1.39330489e-02]
 [ 1.05991586e-01  2.23839273e-02 -2.61228175e-03  3.13600020e-01
  -1.71926384e-01  8.79626839e-02]
 [ 1.65802092e-01 -1.35567558e-01  4.90328699e-03 -1.71926384e-01
   1.68916291e+00  9.15063760e-01]
 [ 1.40598985e-01 -1.68364238e-01  1.39330489e-02  8.79626839e-02
   9.15063760e-01  1.00894979e+00]]","{'amplitude': 90.26928394829147, 'color': 0.007753693497523109, 's1': -0.8910833517904961, 's2': 1.229455163297786, 's3': -0.7774105341947575, 't0': 56600.87910560578}","{'amplitude': 0.6479396151574749, 'color': 0.06313872597744889, 's1': 0.5780493565773946, 's2': 1.2219394638491683, 's3': 1.2317519981561034, 't0': 0.7673892553054227}","[[ 0.58888627  0.1714376  -0.02303669  0.22083699  0.24683041 -0.44065976]
 [ 0.1714376   0.41982574 -0.03643185  0.10649527 -0.13656331 -0.26474846]
 [-0.02303669 -0.03643185  0.0039865  -0.00937479 -0.0164759   0.03828409]
 [ 0.22083699  0.10649527 -0.00937479  0.33414106 -0.19136018 -0.10126298]
 [ 0.24683041 -0.13656331 -0.0164759  -0.19136018  1.49313605 -0.06552548]
 [-0.44065976 -0.26474846  0.03828409 -0.10126298 -0.06552548  1.51721298]]"
SN2013gs,"{'amplitude': 87.77876434709272, 'color': 0.08812584911073384, 's1': 0.18580600140364414, 's2': -0.6915101780212284, 's3': -1.1461081733113656, 't0': 56640.62807414459}","{'amplitude': 0.14751730290402945, 'color': 0.0174402591620812, 's1': 0.10677747127566538, 's2': 0.3438014688700297, 's3': 0.44616066949265326, 't0': 0.09784945798033827}","[[ 9.57451643e-03 -4.53695948e-03  4.48401623e-04  1.23547836e-04
   2.32384057e-03  1.44095242e-02]
 [-4.53695948e-03  2.17613547e-02 -2.39737682e-03 -8.62191653e-04
  -4.70226876e-04 -2.34486614e-02]
 [ 4.48401623e-04 -2.39737682e-03  3.04162640e-04 -2.62512326e-04
   1.94784234e-04  3.36142201e-03]
 [ 1.23547836e-04 -8.62191653e-04 -2.62512326e-04  1.14014284e-02
   1.49953767e-02  1.67265194e-02]
 [ 2.32384057e-03 -4.70226876e-04  1.94784234e-04  1.49953767e-02
   1.18199450e-01  1.24123909e-01]
 [ 1.44095242e-02 -2.34486614e-02  3.36142201e-03  1.67265194e-02
   1.24123909e-01  1.99059343e-01]]","{'amplitude': 87.38518863659293, 'color': 0.12126800237286497, 's1': 0.1989382303023145, 's2': -0.5063865653896343, 's3': -1.0362531382197626, 't0': 56640.5051638644}","{'amplitude': 0.3588104276215407, 'color': 0.03845292662812999, 's1': 0.13540186770713558, 's2': 0.5907380057835844, 's3': 0.5445879957382425, 't0': 0.1125306711070217}","[[ 1.26631519e-02  7.93972849e-03 -8.07960254e-04 -7.52285546e-04
   2.21122840e-02  2.89020671e-02]
 [ 7.93972849e-03  1.28744923e-01 -1.34904085e-02 -1.18649623e-03
   1.31850846e-01  7.59900784e-02]
 [-8.07960254e-04 -1.34904085e-02  1.47862757e-03 -5.37266823e-04
  -1.38366197e-02 -7.17551859e-03]
 [-7.52285546e-04 -1.18649623e-03 -5.37266823e-04  1.83336658e-02
  -4.36839858e-03  1.37304078e-04]
 [ 2.21122840e-02  1.31850846e-01 -1.38366197e-02 -4.36839858e-03
   3.48971391e-01  2.80481646e-01]
 [ 2.89020671e-02  7.59900784e-02 -7.17551859e-03  1.37304078e-04
   2.80481646e-01  2.96576085e-01]]"
SN2013gy,"{'amplitude': 86.54283297221454, 'color': 0.07949745542655479, 's1': 0.536980342950318, 's2': -0.5084071162793368, 's3': 0.28382458422727525, 't0': 56649.35171919014}","{'amplitude': 0.12336428368875095, 'color': 0.013117355759145004, 's1': 0.04047909008520961, 's2': 0.19679117516288114, 's3': 0.17678162468616768, 't0': 0.12767287589134993}","[[ 0.01630036 -0.00757225  0.00096971 -0.00349406 -0.01513128  0.02073554]
 [-0.00757225  0.01521875 -0.00156631  0.00125027  0.01324204 -0.01172174]
 [ 0.00096971 -0.00156631  0.00017207 -0.00022884 -0.0017632   0.00147054]
 [-0.00349406  0.00125027 -0.00022884  0.00163856  0.00616328 -0.0044843 ]
 [-0.01513128  0.01324204 -0.0017632   0.00616328  0.03872677 -0.0207695 ]
 [ 0.02073554 -0.01172174  0.00147054 -0.0044843  -0.0207695   0.03125174]]","{'amplitude': 85.54960609069737, 'color': 0.15215060052937812, 's1': 0.7351560080039247, 's2': 0.019039555825995997, 's3': 0.21246052729539, 't0': 56649.19234898526}","{'amplitude': 0.5744568823095583, 'color': 0.04569025118102381, 's1': 0.16338950508880606, 's2': 0.5503598276863526, 's3': 0.31068597666235, 't0': 0.18852640589103603}","[[ 0.03554221 -0.07711119  0.00652211  0.01305165  0.01664266  0.05393994]
 [-0.07711119  0.33000071 -0.02580745 -0.07913587 -0.16646745 -0.137064  ]
 [ 0.00652211 -0.02580745  0.0020876   0.00559925  0.00952429  0.01130177]
 [ 0.01305165 -0.07913587  0.00559925  0.02669613  0.06845203  0.02560625]
 [ 0.01664266 -0.16646745  0.00952429  0.06845203  0.30289594  0.05413699]
 [ 0.05393994 -0.137064    0.01130177  0.02560625  0.05413699  0.09652578]]"
SN2015bp,"{'amplitude': 84.08738233891647, 'color': 0.028782528948976965, 's1': 1.5968124751828299, 's2': -0.68984283653928, 's3': -0.5406587189019474, 't0': 57113.33077640374}","{'amplitude': 0.11892260002983958, 'color': 0.009331996244672095, 's1': 0.029738376368515288, 's2': 0.15680651094523512, 's3': 0.07645944181375514, 't0': 0.055093424489930314}","[[ 3.03528542e-03 -2.38199938e-04  4.34161870e-05 -3.91520045e-05
   3.26479000e-03  3.33090399e-04]
 [-2.38199938e-04  1.41425848e-02 -1.07197457e-03 -2.67836119e-03
  -3.68418441e-03 -1.95654157e-03]
 [ 4.34161870e-05 -1.07197457e-03  8.70861539e-05  1.75938916e-04
   4.60262663e-04  2.25773908e-04]
 [-3.91520045e-05 -2.67836119e-03  1.75938916e-04  8.84371029e-04
   3.38674620e-04 -9.95083234e-05]
 [ 3.26479000e-03 -3.68418441e-03  4.60262663e-04  3.38674620e-04
   2.45882819e-02  7.91595955e-03]
 [ 3.33090399e-04 -1.95654157e-03  2.25773908e-04 -9.95083234e-05
   7.91595955e-03  5.84604624e-03]]","{'amplitude': 85.17845535688662, 'color': -0.040725146820611104, 's1': 1.2505792925163908, 's2': 0.03872690072466928, 's3': -0.6173263650310037, 't0': 57112.49758530966}","{'amplitude': 1.1599830121226022, 'color': 0.08034231250911136, 's1': 0.429602556592285, 's2': 1.0027293906874795, 's3': 0.35580101091022587, 't0': 3.582625570493162}","[[ 1.28352060e+01 -1.86287596e+00 -6.76733208e-02  8.20196693e-01
  -2.12741896e-01 -5.66817100e-01]
 [-1.86287596e+00  1.34556059e+00 -7.05171306e-02 -4.88388509e-01
   9.62137643e-01 -4.82778751e-02]
 [-6.76733208e-02 -7.05171306e-02  6.45488718e-03  2.36584622e-02
  -7.05193027e-02  1.43324776e-02]
 [ 8.20196693e-01 -4.88388509e-01  2.36584622e-02  1.84558357e-01
  -3.49097709e-01  1.13911192e-02]
 [-2.12741896e-01  9.62137643e-01 -7.05193027e-02 -3.49097709e-01
   1.00546623e+00 -1.98643605e-01]
 [-5.66817100e-01 -4.82778751e-02  1.43324776e-02  1.13911192e-02
  -1.98643605e-01  1.26594359e-01]]"
